user_id,event_date,country,segment,device,acquisition_channel,primary_feature_used,experiment_group,DAU,WAU,MAU,stickiness_ratio,conversion_rate,d1_retention,d7_retention,d30_retention,churn_rate,revenue_per_user,session_frequency,activation_rate,feature_adoption_rate,engagement_score,engagement_band
USR-100000,2025-11-24,Canada,Enterprise,Mobile,Social,Search,Control,1912,4321,27345,0.0699,0.2848,0.7317,0.4946,0.3547,0.6809,41.91,6.92,0.5635,0.5012,56,Medium
USR-100001,2025-10-30,Canada,Enterprise,Tablet,Organic,AI Assistant,Control,4456,6976,13928,0.3199,0.2314,0.6846,0.4806,0.3574,0.6917,23.82,5.73,0.5374,0.3682,36,Low
USR-100002,2025-04-12,India,Premium,Mobile,Paid Search,Recommendations,Variant A,6865,17793,50286,0.1365,0.3333,0.7265,0.5746,0.4432,0.636,39.71,4.32,0.562,0.7221,53,Medium
USR-100003,2025-06-24,USA,Premium,Mobile,Email,Checkout,Control,3276,7823,26933,0.1216,0.2746,0.7019,0.5115,0.4193,0.6502,49.52,3.12,0.6267,0.286,68,Medium
USR-100004,2025-11-06,Germany,Free,Tablet,Email,AI Assistant,Control,3166,5877,40985,0.0772,0.1936,0.7518,0.4767,0.3192,0.7947,41.06,6.7,0.5293,0.3425,93,High
USR-100005,2025-07-05,Canada,Premium,Mobile,Paid Search,Search,Variant B,5729,10879,20437,0.2803,0.2987,0.7077,0.5306,0.4225,0.6518,42.54,4.55,0.5558,0.6718,30,Low
USR-100006,2025-07-14,UK,Free,Tablet,Email,Search,Variant A,3277,12705,41614,0.0787,0.3115,0.7959,0.5525,0.4651,0.5907,16.89,7.07,0.5958,0.5184,45,Low
USR-100007,2025-11-08,Germany,Premium,Tablet,Social,Messaging,Variant A,6201,11004,32047,0.1935,0.319,0.6861,0.4641,0.2954,0.7718,43.06,4.1,0.6389,0.8107,45,Low
USR-100008,2025-12-17,Germany,Premium,Mobile,Paid Search,AI Assistant,Variant A,3656,6572,26582,0.1375,0.2582,0.8339,0.6303,0.5075,0.515,18.14,6.97,0.6823,0.5829,29,Low
USR-100009,2025-06-11,UK,Free,Mobile,Social,AI Assistant,Control,2741,12920,43848,0.0625,0.2333,0.6503,0.4094,0.3065,0.7212,26.68,4.35,0.6832,0.6293,83,High
USR-100010,2025-05-15,UK,Free,Mobile,Social,Recommendations,Variant A,7119,18696,51773,0.1375,0.2335,0.7708,0.508,0.3741,0.7266,33.67,6.34,0.5895,0.5248,99,High
USR-100011,2025-02-16,Canada,Enterprise,Desktop,Social,Search,Variant B,7191,9962,22147,0.3247,0.3237,0.7225,0.4648,0.3841,0.687,18.18,4.48,0.5826,0.4597,44,Low
USR-100012,2025-07-17,India,Free,Tablet,Organic,AI Assistant,Variant A,4126,15889,51563,0.08,0.2519,0.7642,0.5612,0.4109,0.6455,37.74,2.36,0.5242,0.4311,92,High
USR-100013,2025-05-17,Canada,Premium,Mobile,Email,AI Assistant,Variant A,7296,14869,27179,0.2684,0.2651,0.714,0.5136,0.4285,0.6194,35.31,5.71,0.6072,0.4047,62,Medium
USR-100014,2025-04-02,Canada,Free,Desktop,Paid Search,AI Assistant,Variant B,5158,8901,33459,0.1542,0.3171,0.7851,0.6271,0.4743,0.5825,57.67,7.57,0.5395,0.5915,89,High
USR-100015,2025-09-29,USA,Premium,Desktop,Paid Search,Search,Control,1004,12817,39060,0.0257,0.2353,0.7954,0.6456,0.5615,0.5176,16.29,5.32,0.525,0.651,87,High
USR-100016,2025-05-04,India,Free,Mobile,Referral,AI Assistant,Control,5647,8937,19550,0.2888,0.214,0.833,0.5631,0.4693,0.5848,33.01,6.15,0.6935,0.659,87,High
USR-100017,2025-03-26,Canada,Enterprise,Desktop,Referral,Checkout,Variant B,3171,13816,46546,0.0681,0.3282,0.8923,0.7336,0.6443,0.4654,41.64,6.53,0.511,0.3819,52,Medium
USR-100018,2025-08-13,USA,Premium,Mobile,Social,AI Assistant,Control,5239,14636,27566,0.1901,0.2861,0.7578,0.4959,0.3379,0.7463,41.17,6.64,0.624,0.3975,56,Medium
USR-100019,2025-04-28,USA,Free,Mobile,Organic,Checkout,Variant B,5820,11428,16899,0.3444,0.3125,0.8195,0.6636,0.5124,0.5313,54.22,3.8,0.6871,0.6419,34,Low
USR-100020,2025-02-06,India,Free,Tablet,Social,AI Assistant,Control,5211,11110,34360,0.1517,0.3011,0.8538,0.7188,0.602,0.4445,50.3,4.79,0.7068,0.6607,87,High
USR-100021,2025-08-31,USA,Enterprise,Desktop,Email,Recommendations,Control,2990,12739,44416,0.0673,0.3967,0.7456,0.5468,0.4473,0.6449,23.01,6.02,0.5921,0.6871,49,Low
USR-100022,2025-07-30,UK,Free,Mobile,Paid Search,Messaging,Variant A,4825,7712,19161,0.2518,0.2837,0.7356,0.4614,0.2961,0.7533,52.64,4.62,0.5359,0.5031,32,Low
USR-100023,2025-10-02,Germany,Free,Mobile,Referral,AI Assistant,Variant A,4675,8971,41619,0.1123,0.2955,0.7455,0.5141,0.3771,0.6526,38.81,3.26,0.6386,0.6641,48,Low
USR-100024,2025-02-20,Canada,Premium,Desktop,Referral,Messaging,Control,1414,12270,18237,0.0775,0.3142,0.8032,0.6257,0.5163,0.5846,42.26,5.64,0.6119,0.7108,36,Low
USR-100025,2025-07-25,UK,Premium,Desktop,Referral,AI Assistant,Variant A,1480,6177,36013,0.0411,0.3319,0.7404,0.5164,0.3662,0.7334,33.59,6.49,0.5482,0.5445,25,Low
USR-100026,2025-12-05,Canada,Free,Tablet,Social,Search,Variant A,6885,16858,32002,0.2151,0.2357,0.7449,0.5504,0.4161,0.6326,32.2,5.34,0.5386,0.5298,49,Low
USR-100027,2025-06-10,Canada,Free,Tablet,Organic,Messaging,Variant B,1468,4289,40535,0.0362,0.338,0.7477,0.5932,0.4509,0.5776,38.64,4.09,0.7815,0.6751,89,High
USR-100028,2025-02-05,India,Free,Tablet,Social,Search,Control,5874,8987,29401,0.1998,0.1587,0.7512,0.504,0.3969,0.667,27.19,8.02,0.5833,0.5323,76,High
USR-100029,2025-11-14,Canada,Enterprise,Tablet,Email,Messaging,Variant A,1671,10539,49800,0.0336,0.2759,0.6433,0.409,0.263,0.785,67.71,6.96,0.4885,0.5074,65,Medium
USR-100030,2025-05-16,USA,Free,Desktop,Social,AI Assistant,Variant A,4242,8386,33046,0.1284,0.3233,0.6975,0.5752,0.4836,0.541,34.68,8.38,0.6084,0.4401,83,High
USR-100031,2025-02-21,Canada,Premium,Mobile,Paid Search,Checkout,Variant A,1600,12408,31377,0.051,0.1953,0.7337,0.5443,0.4244,0.6572,31.84,5.42,0.7253,0.3646,89,High
USR-100032,2025-05-26,India,Premium,Tablet,Organic,Messaging,Control,2292,11471,36296,0.0631,0.3182,0.7406,0.5152,0.4189,0.6082,35.17,5.3,0.6618,0.5989,92,High
USR-100033,2025-05-16,India,Free,Tablet,Email,Messaging,Variant A,1945,5698,20885,0.0931,0.1651,0.8168,0.5939,0.4681,0.6065,35.88,6.2,0.6325,0.4866,59,Medium
USR-100034,2025-12-18,USA,Free,Tablet,Referral,Checkout,Variant A,6195,12520,50642,0.1223,0.2496,0.7104,0.4552,0.3729,0.7285,29.29,4.6,0.6862,0.7979,87,High
USR-100035,2025-01-23,Germany,Enterprise,Tablet,Referral,AI Assistant,Control,1029,8493,22066,0.0466,0.2781,0.7749,0.5263,0.4181,0.6196,48.46,6.24,0.6083,0.5976,58,Medium
USR-100036,2025-01-05,UK,Enterprise,Tablet,Paid Search,Recommendations,Control,1916,5148,19916,0.0962,0.3239,0.7045,0.53,0.3569,0.7489,59.74,4.45,0.5774,0.6192,94,High
USR-100037,2025-03-07,Canada,Enterprise,Mobile,Organic,Checkout,Variant A,1342,8392,37289,0.036,0.2606,0.7959,0.5437,0.4317,0.6779,42.54,4.98,0.6178,0.6693,30,Low
USR-100038,2025-10-14,Germany,Free,Mobile,Email,Recommendations,Control,4329,8861,29375,0.1474,0.2191,0.8655,0.6986,0.5857,0.5016,48.79,6.33,0.5541,0.5787,45,Low
USR-100039,2025-12-09,USA,Premium,Mobile,Referral,Messaging,Variant B,7021,13086,35571,0.1974,0.1555,0.8462,0.5842,0.4691,0.5626,43.78,4.24,0.5442,0.6166,45,Low
USR-100040,2025-04-13,Canada,Free,Tablet,Paid Search,Recommendations,Control,7689,17230,45145,0.1703,0.2722,0.7096,0.578,0.4158,0.6748,54.16,4.39,0.5569,0.784,64,Medium
USR-100041,2025-06-18,India,Premium,Tablet,Social,Checkout,Variant B,3282,6419,29711,0.1105,0.1581,0.8342,0.5692,0.4781,0.5912,37.74,4.71,0.6358,0.4559,69,Medium
USR-100042,2025-01-15,USA,Free,Tablet,Referral,Checkout,Variant A,1944,8223,24925,0.078,0.286,0.832,0.5581,0.4406,0.608,33.2,5.98,0.6156,0.7275,99,High
USR-100043,2025-06-10,India,Free,Desktop,Organic,Recommendations,Variant A,4574,16506,55022,0.0831,0.2837,0.7433,0.5396,0.3967,0.6929,68.14,3.9,0.6798,0.6075,39,Low
USR-100044,2025-01-01,USA,Enterprise,Desktop,Social,Checkout,Variant A,5259,16080,33992,0.1547,0.3695,0.6915,0.5271,0.4283,0.6381,52.46,2.12,0.457,0.6344,71,Medium
USR-100045,2025-12-06,Germany,Premium,Desktop,Email,AI Assistant,Variant A,7946,11987,36668,0.2167,0.2886,0.7982,0.6522,0.4811,0.6212,19.52,8.31,0.7044,0.5096,89,High
USR-100046,2025-03-07,India,Premium,Desktop,Social,Search,Variant B,2571,11459,41306,0.0622,0.1743,0.8212,0.546,0.3818,0.722,5.0,3.67,0.6013,0.5717,47,Low
USR-100047,2025-06-05,UK,Premium,Desktop,Referral,Messaging,Variant B,3350,8793,41966,0.0798,0.273,0.7581,0.4781,0.2984,0.7771,31.7,6.26,0.5246,0.5586,99,High
USR-100048,2025-09-19,India,Premium,Mobile,Paid Search,Checkout,Variant B,4876,9656,20213,0.2412,0.266,0.7709,0.6143,0.4671,0.6147,26.41,4.68,0.6294,0.8871,61,Medium
USR-100049,2025-04-26,Canada,Premium,Tablet,Organic,Recommendations,Control,7607,12869,27525,0.2764,0.2657,0.8331,0.5768,0.4416,0.6345,34.51,6.85,0.6616,0.7853,28,Low
USR-100050,2025-08-01,Germany,Free,Mobile,Organic,Search,Variant A,6159,17590,35332,0.1743,0.2118,0.7812,0.6394,0.5579,0.4972,13.77,7.66,0.6809,0.5594,74,Medium
USR-100051,2025-08-06,India,Free,Mobile,Referral,Messaging,Control,2792,7673,46617,0.0599,0.27,0.6097,0.3643,0.2446,0.8376,14.15,5.11,0.6407,0.5751,84,High
USR-100052,2025-08-26,India,Premium,Tablet,Referral,Messaging,Variant B,6468,17170,42964,0.1505,0.1566,0.7347,0.5134,0.4094,0.6182,22.58,6.03,0.6698,0.5364,81,High
USR-100053,2025-09-01,Germany,Enterprise,Mobile,Email,Recommendations,Variant B,4686,10932,32135,0.1458,0.3628,0.7208,0.5732,0.474,0.5501,30.58,3.85,0.6014,0.4247,60,Medium
USR-100054,2025-02-09,UK,Enterprise,Mobile,Paid Search,Messaging,Variant A,6845,13526,33893,0.202,0.2323,0.6681,0.4676,0.3186,0.7053,45.2,7.25,0.6781,0.4869,59,Medium
USR-100055,2025-04-29,Germany,Premium,Tablet,Referral,Recommendations,Variant A,4137,8640,27661,0.1496,0.2232,0.7748,0.6213,0.5043,0.5642,16.79,7.52,0.7416,0.5426,33,Low
USR-100056,2025-02-01,USA,Enterprise,Desktop,Referral,Search,Variant B,2694,11577,42101,0.064,0.2888,0.7587,0.5568,0.4236,0.6071,59.33,1.02,0.5452,0.4443,99,High
USR-100057,2025-06-30,India,Enterprise,Mobile,Referral,Messaging,Variant B,3446,11835,44295,0.0778,0.2507,0.7371,0.5656,0.4645,0.5882,61.62,6.7,0.6094,0.802,93,High
USR-100058,2025-05-20,Germany,Enterprise,Mobile,Referral,Messaging,Variant A,4570,14526,21428,0.2133,0.2639,0.6883,0.4744,0.3199,0.7433,32.57,4.06,0.7217,0.3836,74,Medium
USR-100059,2025-11-15,USA,Free,Tablet,Referral,Messaging,Variant B,5375,7816,38638,0.1391,0.1643,0.7965,0.5187,0.3781,0.6656,28.89,4.37,0.5626,0.4504,100,High
USR-100060,2025-08-25,Canada,Premium,Desktop,Email,Recommendations,Variant A,2488,5311,27360,0.0909,0.2624,0.6901,0.5044,0.3262,0.705,43.46,5.06,0.629,0.621,73,Medium
USR-100061,2025-05-23,USA,Enterprise,Tablet,Organic,Checkout,Variant A,7160,16066,37598,0.1904,0.2238,0.708,0.481,0.3081,0.7676,14.63,6.12,0.557,0.6656,35,Low
USR-100062,2025-04-25,Canada,Free,Tablet,Paid Search,Messaging,Control,6325,9449,17087,0.3702,0.2218,0.6317,0.4305,0.3263,0.7052,16.66,6.56,0.5189,0.6202,28,Low
USR-100063,2025-03-06,UK,Premium,Mobile,Social,AI Assistant,Variant B,4879,8753,28037,0.174,0.3992,0.6433,0.515,0.4013,0.6321,52.09,4.22,0.6769,0.4105,84,High
USR-100064,2025-02-28,USA,Premium,Tablet,Referral,Recommendations,Variant B,7371,12054,37438,0.1969,0.2865,0.8265,0.631,0.5098,0.5451,40.38,5.35,0.649,0.817,38,Low
USR-100065,2025-04-12,UK,Enterprise,Tablet,Organic,AI Assistant,Variant B,1622,13322,34237,0.0474,0.254,0.7468,0.4996,0.3994,0.637,43.52,4.48,0.6332,0.8913,38,Low
USR-100066,2025-01-22,India,Enterprise,Desktop,Organic,Recommendations,Control,3844,14572,47646,0.0807,0.3036,0.7204,0.5376,0.3759,0.688,28.53,1.41,0.6941,0.4535,72,Medium
USR-100067,2025-09-08,Canada,Premium,Mobile,Social,Checkout,Variant B,1864,10966,39702,0.0469,0.181,0.741,0.4771,0.3587,0.7157,41.3,6.51,0.4917,0.7516,83,High
USR-100068,2025-11-12,India,Premium,Desktop,Paid Search,Search,Variant A,7620,18437,55123,0.1382,0.2769,0.7151,0.4959,0.3626,0.7468,31.18,5.89,0.5227,0.4574,84,High
USR-100069,2025-05-23,Germany,Premium,Mobile,Referral,Checkout,Variant B,4692,10687,46142,0.1017,0.3355,0.7641,0.5038,0.3896,0.7125,34.22,3.54,0.5745,0.6366,97,High
USR-100070,2025-04-04,UK,Enterprise,Tablet,Email,AI Assistant,Variant A,4994,10469,38722,0.129,0.2978,0.6847,0.4495,0.3054,0.784,15.15,5.68,0.5253,0.5031,58,Medium
USR-100071,2025-01-06,Germany,Premium,Tablet,Paid Search,Recommendations,Variant B,5232,10362,20972,0.2495,0.2685,0.7901,0.606,0.4798,0.6349,41.92,3.29,0.8057,0.5994,55,Medium
USR-100072,2025-11-27,UK,Free,Desktop,Paid Search,Checkout,Control,6831,16872,51243,0.1333,0.2655,0.7835,0.552,0.3798,0.7109,41.5,3.26,0.5027,0.863,27,Low
USR-100073,2025-12-06,UK,Premium,Tablet,Social,Checkout,Variant B,5764,13810,49825,0.1157,0.2692,0.746,0.4779,0.3528,0.6785,38.78,7.06,0.4746,0.8094,95,High
USR-100074,2025-06-30,Canada,Free,Tablet,Paid Search,Checkout,Variant A,6757,16191,38945,0.1735,0.2521,0.7144,0.4659,0.3854,0.6679,49.93,1.25,0.5916,0.6742,64,Medium
USR-100075,2025-03-03,Germany,Premium,Tablet,Social,AI Assistant,Control,7085,17864,34997,0.2024,0.3235,0.6909,0.4985,0.396,0.6692,34.56,4.74,0.3942,0.5719,49,Low
USR-100076,2025-11-02,UK,Free,Desktop,Organic,AI Assistant,Control,3318,6965,24686,0.1344,0.2485,0.7818,0.5689,0.4257,0.5956,23.76,6.08,0.5461,0.5553,62,Medium
USR-100077,2025-03-06,Canada,Enterprise,Desktop,Organic,Search,Variant A,3247,5992,14565,0.2229,0.26,0.7495,0.5342,0.4475,0.6475,40.77,4.95,0.5641,0.498,95,High
USR-100078,2025-10-21,Canada,Free,Desktop,Referral,Search,Variant A,3329,13019,49392,0.0674,0.2584,0.7074,0.497,0.4104,0.6872,57.44,0.68,0.4437,0.3939,81,High
USR-100079,2025-02-03,USA,Free,Mobile,Social,Checkout,Variant B,4282,14338,24193,0.177,0.2011,0.7522,0.6031,0.4369,0.6777,18.29,3.88,0.5212,0.8428,98,High
USR-100080,2025-02-13,Germany,Premium,Desktop,Email,AI Assistant,Variant B,3033,6973,39247,0.0773,0.3068,0.8163,0.692,0.5898,0.4533,39.38,4.98,0.65,0.422,53,Medium
USR-100081,2025-08-08,Canada,Premium,Tablet,Organic,Messaging,Control,3501,14817,23764,0.1473,0.2425,0.7262,0.5673,0.4151,0.6905,32.95,7.17,0.5235,0.6724,37,Low
USR-100082,2025-05-03,Germany,Premium,Tablet,Social,Recommendations,Control,2423,13466,23385,0.1036,0.2897,0.7214,0.5993,0.5107,0.5301,14.62,8.2,0.5107,0.4576,45,Low
USR-100083,2025-05-30,Germany,Free,Tablet,Paid Search,Checkout,Variant B,1267,7059,30940,0.041,0.3258,0.6348,0.4719,0.3295,0.7314,8.85,8.08,0.6269,0.5655,61,Medium
USR-100084,2025-11-17,Canada,Enterprise,Mobile,Email,Messaging,Variant B,5831,11072,43933,0.1327,0.2328,0.7639,0.5049,0.3762,0.7333,33.3,7.49,0.7824,0.6808,39,Low
USR-100085,2025-02-06,Germany,Free,Desktop,Email,Recommendations,Variant A,1488,6206,31365,0.0474,0.2289,0.7149,0.4613,0.2829,0.7897,30.44,3.88,0.6257,0.4332,97,High
USR-100086,2025-05-20,India,Free,Desktop,Email,AI Assistant,Control,5099,15946,53307,0.0957,0.2804,0.6378,0.4136,0.2506,0.79,60.69,7.87,0.5297,0.6565,81,High
USR-100087,2025-05-09,USA,Enterprise,Desktop,Social,Search,Variant B,1211,4707,24709,0.049,0.2521,0.7884,0.6071,0.4752,0.5495,45.25,3.97,0.6249,0.4667,98,High
USR-100088,2025-03-31,India,Premium,Tablet,Referral,Search,Control,4854,15356,49337,0.0984,0.2294,0.6556,0.4894,0.3738,0.7181,46.04,2.22,0.7765,0.5343,60,Medium
USR-100089,2025-08-29,USA,Free,Desktop,Referral,Recommendations,Variant B,3850,12540,39383,0.0978,0.2648,0.7507,0.5963,0.5132,0.533,29.94,5.41,0.8148,0.5656,66,Medium
USR-100090,2025-05-28,UK,Premium,Desktop,Organic,Recommendations,Control,6427,14988,22392,0.287,0.3175,0.6978,0.5607,0.4732,0.6196,65.65,5.12,0.4854,0.5199,83,High
USR-100091,2025-09-21,Canada,Enterprise,Desktop,Social,Recommendations,Control,7757,9775,45051,0.1722,0.285,0.772,0.5408,0.4336,0.6454,27.82,4.78,0.604,0.6731,77,High
USR-100092,2025-11-17,Canada,Premium,Desktop,Referral,Search,Variant B,4621,7466,25806,0.1791,0.2689,0.6599,0.4002,0.247,0.8537,56.01,7.01,0.5737,0.6749,59,Medium
USR-100093,2025-01-15,India,Free,Tablet,Referral,Search,Variant A,6161,18136,38818,0.1587,0.1837,0.7365,0.4585,0.2841,0.7398,44.01,5.55,0.6317,0.3885,45,Low
USR-100094,2025-04-26,Canada,Premium,Tablet,Email,AI Assistant,Variant B,7892,11750,46991,0.1679,0.2059,0.8032,0.5353,0.3582,0.7562,53.81,5.06,0.5728,0.713,40,Low
USR-100095,2025-12-28,Germany,Enterprise,Mobile,Referral,Messaging,Control,3239,12046,48667,0.0666,0.1897,0.7701,0.6308,0.5431,0.5465,55.58,3.68,0.5951,0.514,85,High
USR-100096,2025-11-03,UK,Enterprise,Desktop,Organic,Checkout,Variant A,5163,9399,18974,0.2721,0.3323,0.7518,0.5808,0.4382,0.6704,19.11,6.2,0.6671,0.5871,60,Medium
USR-100097,2025-06-02,India,Premium,Desktop,Email,AI Assistant,Variant A,7860,19476,56565,0.139,0.3212,0.699,0.5147,0.3867,0.6961,31.76,7.67,0.7364,0.5016,44,Low
USR-100098,2025-10-06,Canada,Enterprise,Desktop,Paid Search,Recommendations,Variant B,4090,13550,39638,0.1032,0.239,0.7231,0.5464,0.4377,0.6119,10.93,3.15,0.5244,0.6824,49,Low
USR-100099,2025-01-23,Canada,Premium,Mobile,Paid Search,AI Assistant,Variant B,3606,13355,43339,0.0832,0.2517,0.6905,0.4298,0.2553,0.8114,22.28,5.85,0.6233,0.6539,74,Medium
USR-100100,2025-10-30,Germany,Free,Tablet,Paid Search,Recommendations,Variant B,3719,7363,41218,0.0902,0.2745,0.8873,0.7304,0.6327,0.4093,45.78,4.14,0.5703,0.5548,37,Low
USR-100101,2025-12-02,India,Enterprise,Desktop,Organic,Checkout,Variant A,2264,5489,41257,0.0549,0.2413,0.6696,0.4283,0.2787,0.7567,30.27,6.28,0.6262,0.3526,58,Medium
USR-100102,2025-12-12,USA,Enterprise,Mobile,Paid Search,Checkout,Variant B,5371,13597,39349,0.1365,0.3374,0.8478,0.7132,0.5455,0.5011,45.61,7.04,0.542,0.5957,87,High
USR-100103,2025-04-27,USA,Premium,Mobile,Email,Search,Variant B,7117,10597,44037,0.1616,0.1726,0.6646,0.503,0.3507,0.7189,30.75,5.58,0.6087,0.7583,37,Low
USR-100104,2025-01-24,Germany,Free,Mobile,Social,Recommendations,Variant A,3657,6576,30802,0.1187,0.3863,0.7081,0.4562,0.3414,0.7464,15.05,5.99,0.6292,0.6258,70,Medium
USR-100105,2025-10-17,India,Premium,Tablet,Paid Search,Recommendations,Control,6585,11535,27675,0.2379,0.3066,0.7653,0.5065,0.3557,0.748,52.93,7.19,0.7206,0.6773,47,Low
USR-100106,2025-10-26,UK,Enterprise,Mobile,Referral,Checkout,Variant A,2172,7976,43197,0.0503,0.2516,0.7488,0.5752,0.4208,0.6153,43.86,5.88,0.5919,0.5805,57,Medium
USR-100107,2025-12-13,India,Premium,Tablet,Referral,Checkout,Variant A,5477,10065,19905,0.2752,0.3009,0.6506,0.3736,0.2304,0.8156,47.04,8.88,0.5854,0.6129,81,High
USR-100108,2025-08-22,USA,Free,Desktop,Social,Checkout,Variant A,7924,14873,32928,0.2406,0.2725,0.8346,0.5605,0.4463,0.637,40.46,5.89,0.5951,0.5193,74,Medium
USR-100109,2025-10-22,USA,Enterprise,Tablet,Organic,AI Assistant,Variant A,3423,10260,16697,0.205,0.2419,0.7505,0.5374,0.4228,0.6593,30.18,5.84,0.7352,0.5701,75,High
USR-100110,2025-09-12,Canada,Enterprise,Desktop,Paid Search,Search,Control,7822,14511,34592,0.2261,0.2322,0.8529,0.6891,0.5094,0.5532,20.78,4.9,0.6619,0.7281,70,Medium
USR-100111,2025-11-18,India,Premium,Tablet,Paid Search,Search,Control,6294,8939,34185,0.1841,0.3161,0.8186,0.6549,0.4798,0.5553,47.1,5.03,0.7577,0.4195,81,High
USR-100112,2025-06-01,India,Premium,Tablet,Social,Checkout,Control,3676,12483,28993,0.1268,0.1837,0.6985,0.4211,0.3002,0.8092,28.05,4.06,0.6159,0.5456,50,Medium
USR-100113,2025-03-26,Germany,Free,Mobile,Paid Search,Recommendations,Control,3105,12999,37341,0.0832,0.3075,0.7194,0.5237,0.3469,0.6917,42.8,5.98,0.6556,0.6472,68,Medium
USR-100114,2025-10-13,India,Free,Desktop,Email,Checkout,Variant A,3996,7475,38333,0.1042,0.2921,0.8197,0.6787,0.5954,0.5167,55.49,6.04,0.5275,0.5725,26,Low
USR-100115,2025-10-27,USA,Enterprise,Tablet,Email,AI Assistant,Variant A,4121,12207,24307,0.1695,0.2787,0.6946,0.5058,0.4057,0.6635,39.79,4.04,0.6773,0.4821,54,Medium
USR-100116,2025-04-24,Germany,Free,Mobile,Organic,Search,Variant B,6305,9340,44766,0.1408,0.2377,0.6266,0.5047,0.4175,0.6417,72.61,4.36,0.6919,0.416,63,Medium
USR-100117,2025-06-05,Canada,Premium,Desktop,Email,AI Assistant,Variant B,5035,8937,20306,0.248,0.2786,0.7687,0.6424,0.5143,0.5162,37.95,3.23,0.7303,0.7116,55,Medium
USR-100118,2025-08-03,India,Premium,Desktop,Organic,Checkout,Variant A,5811,10342,42531,0.1366,0.249,0.7416,0.5694,0.4376,0.5912,34.23,5.05,0.5957,0.4702,37,Low
USR-100119,2025-04-22,UK,Enterprise,Tablet,Email,Search,Control,4632,13917,34390,0.1347,0.2698,0.6762,0.4459,0.2858,0.7542,57.59,6.77,0.6148,0.483,71,Medium
USR-100120,2025-07-23,Canada,Enterprise,Tablet,Social,Search,Control,3260,8369,21374,0.1525,0.2949,0.7636,0.5293,0.3691,0.6848,39.6,6.82,0.5942,0.7776,83,High
USR-100121,2025-01-26,Canada,Free,Tablet,Paid Search,AI Assistant,Variant B,7445,14909,35871,0.2075,0.2801,0.871,0.6339,0.5457,0.4803,28.88,4.38,0.5844,0.6436,41,Low
USR-100122,2025-04-21,USA,Premium,Mobile,Paid Search,AI Assistant,Variant B,7660,13477,40009,0.1915,0.2861,0.7056,0.4802,0.3504,0.7251,24.94,6.48,0.5198,0.6646,43,Low
USR-100123,2025-05-09,USA,Premium,Mobile,Social,Checkout,Control,7541,12399,24603,0.3065,0.2349,0.7527,0.6278,0.522,0.5443,43.59,6.3,0.5713,0.8161,28,Low
USR-100124,2025-01-09,Germany,Enterprise,Mobile,Organic,Recommendations,Variant B,2427,8774,17208,0.141,0.1987,0.6521,0.3741,0.2901,0.8166,16.13,8.6,0.6016,0.8471,41,Low
USR-100125,2025-08-18,Germany,Enterprise,Mobile,Social,Search,Control,7373,15304,53939,0.1367,0.1784,0.7056,0.4908,0.3196,0.7215,58.67,7.55,0.56,0.6394,100,High
USR-100126,2025-12-04,Germany,Premium,Desktop,Organic,Recommendations,Control,5271,12212,47230,0.1116,0.2847,0.7556,0.6069,0.5031,0.614,42.53,4.7,0.478,0.5724,28,Low
USR-100127,2025-12-31,Canada,Free,Mobile,Email,AI Assistant,Variant B,4633,7837,18131,0.2555,0.2522,0.8037,0.6013,0.4854,0.5939,32.93,3.3,0.5064,0.7541,66,Medium
USR-100128,2025-11-21,India,Premium,Desktop,Social,AI Assistant,Variant B,5795,16779,43090,0.1345,0.2366,0.7608,0.4856,0.3602,0.6834,8.67,5.63,0.5893,0.7651,73,Medium
USR-100129,2025-08-09,Canada,Premium,Desktop,Referral,Recommendations,Variant A,1812,5686,24777,0.0731,0.2924,0.6565,0.4234,0.3267,0.7101,33.5,8.73,0.6406,0.6445,80,High
USR-100130,2025-08-01,UK,Premium,Mobile,Referral,Search,Variant A,6976,10533,36016,0.1937,0.3115,0.7543,0.6014,0.5102,0.5368,38.68,4.03,0.5995,0.4248,79,High
USR-100131,2025-02-16,UK,Free,Tablet,Organic,AI Assistant,Control,7813,11211,22320,0.35,0.2505,0.7669,0.5657,0.4815,0.5533,50.83,5.79,0.6898,0.1456,80,High
USR-100132,2025-10-15,Germany,Enterprise,Mobile,Email,AI Assistant,Variant A,5601,13001,26011,0.2153,0.3644,0.7316,0.5893,0.5063,0.5445,24.86,6.3,0.6321,0.4824,77,High
USR-100133,2025-06-09,Germany,Free,Mobile,Email,AI Assistant,Control,3880,7577,45830,0.0847,0.3137,0.7302,0.5819,0.4326,0.6712,40.11,5.82,0.8023,0.5714,52,Medium
USR-100134,2025-07-08,India,Enterprise,Tablet,Social,Search,Variant B,1941,8505,28326,0.0685,0.2701,0.803,0.6781,0.505,0.584,22.93,6.34,0.5228,0.8247,79,High
USR-100135,2025-11-08,UK,Premium,Desktop,Organic,Messaging,Variant A,6388,12769,19666,0.3248,0.2214,0.7578,0.5325,0.3526,0.6722,37.1,5.76,0.6357,0.6433,48,Low
USR-100136,2025-03-15,USA,Free,Tablet,Social,Messaging,Variant B,5639,14205,23765,0.2373,0.3407,0.7672,0.5066,0.3862,0.6665,52.66,6.17,0.6677,0.6753,43,Low
USR-100137,2025-07-12,UK,Enterprise,Desktop,Social,AI Assistant,Variant A,4439,13871,41211,0.1077,0.3245,0.7243,0.5851,0.4507,0.5699,22.65,2.75,0.7376,0.453,45,Low
USR-100138,2025-02-13,USA,Premium,Desktop,Referral,Recommendations,Variant B,1430,5979,21295,0.0672,0.2104,0.6108,0.4528,0.3355,0.7072,40.38,4.01,0.6972,0.8101,31,Low
USR-100139,2025-11-07,USA,Premium,Desktop,Organic,Checkout,Variant B,4621,13406,36308,0.1273,0.1475,0.699,0.4409,0.309,0.7589,18.55,2.4,0.6918,0.946,52,Medium
USR-100140,2025-12-14,UK,Free,Mobile,Referral,AI Assistant,Variant B,6558,18275,55166,0.1189,0.3292,0.7738,0.5237,0.3719,0.7437,34.46,5.87,0.5949,0.663,92,High
USR-100141,2025-01-29,UK,Premium,Desktop,Organic,Search,Control,1062,6411,31164,0.0341,0.2583,0.683,0.5219,0.4134,0.6373,40.52,7.57,0.6835,0.3444,52,Medium
USR-100142,2025-09-12,India,Enterprise,Mobile,Social,AI Assistant,Variant A,7119,16174,32688,0.2178,0.2105,0.7964,0.6102,0.518,0.5201,24.43,6.14,0.7577,0.6133,41,Low
USR-100143,2025-12-09,USA,Premium,Mobile,Referral,Search,Variant B,7604,15406,25129,0.3026,0.268,0.6838,0.5227,0.3464,0.722,41.13,7.52,0.62,0.5156,75,High
USR-100144,2025-06-10,USA,Premium,Mobile,Email,Messaging,Variant A,5716,14749,46253,0.1236,0.2661,0.7726,0.5215,0.3531,0.6897,44.99,3.0,0.702,0.5349,78,High
USR-100145,2025-11-13,Canada,Premium,Tablet,Referral,AI Assistant,Control,4769,12697,23472,0.2032,0.2462,0.7851,0.6272,0.4691,0.5784,33.87,7.32,0.5561,0.6218,80,High
USR-100146,2025-02-10,Canada,Free,Tablet,Organic,AI Assistant,Variant A,4242,11325,38575,0.11,0.2182,0.8687,0.6548,0.558,0.5357,33.04,5.97,0.708,0.8235,53,Medium
USR-100147,2025-09-19,USA,Free,Desktop,Paid Search,Messaging,Control,2588,10312,38321,0.0675,0.1832,0.7561,0.5736,0.4342,0.6355,26.75,7.99,0.7442,0.497,43,Low
USR-100148,2025-11-05,India,Enterprise,Desktop,Social,AI Assistant,Variant A,2252,5486,22095,0.1019,0.2884,0.8377,0.6738,0.5859,0.4427,22.59,3.99,0.5631,0.5504,88,High
USR-100149,2025-06-15,Germany,Premium,Tablet,Email,Checkout,Control,6138,13317,28210,0.2176,0.222,0.742,0.4939,0.3905,0.6835,42.63,6.62,0.4505,0.6361,81,High
USR-100150,2025-10-30,Germany,Premium,Mobile,Organic,Checkout,Variant A,1460,9226,47474,0.0308,0.3214,0.6674,0.3883,0.2421,0.8337,34.35,8.14,0.6177,0.4779,34,Low
USR-100151,2025-05-27,India,Enterprise,Tablet,Organic,Recommendations,Variant A,1628,5107,43338,0.0376,0.2105,0.7778,0.5721,0.4824,0.5826,27.7,7.3,0.6973,0.6714,74,Medium
USR-100152,2025-10-20,Canada,Free,Desktop,Organic,Checkout,Variant B,6339,11423,37494,0.1691,0.2054,0.721,0.4422,0.2695,0.8045,39.05,7.29,0.5501,0.6138,85,High
USR-100153,2026-01-01,Germany,Premium,Tablet,Social,AI Assistant,Control,1690,11956,28264,0.0598,0.2336,0.7617,0.5095,0.3513,0.7396,27.0,2.94,0.4631,0.6562,30,Low
USR-100154,2025-03-23,UK,Enterprise,Tablet,Organic,Checkout,Variant A,3981,12089,35628,0.1117,0.2048,0.6108,0.3947,0.2631,0.8488,41.52,5.2,0.5792,0.6496,74,Medium
USR-100155,2025-02-03,India,Free,Desktop,Organic,AI Assistant,Variant A,3700,7248,37581,0.0985,0.2381,0.81,0.5495,0.3827,0.7179,28.65,6.89,0.596,0.4666,61,Medium
USR-100156,2025-12-06,India,Enterprise,Mobile,Email,AI Assistant,Control,2158,9889,35220,0.0613,0.2868,0.6861,0.5107,0.3331,0.751,34.85,5.54,0.8072,0.535,75,High
USR-100157,2025-07-12,Germany,Enterprise,Desktop,Organic,Checkout,Control,6271,13652,27027,0.232,0.2275,0.7718,0.5714,0.4515,0.5831,29.47,4.88,0.6145,0.6595,92,High
USR-100158,2025-06-08,Canada,Free,Mobile,Organic,Checkout,Control,2476,7985,35380,0.07,0.2565,0.7692,0.5993,0.4687,0.5953,41.97,3.85,0.6532,0.3876,87,High
USR-100159,2025-02-21,UK,Enterprise,Mobile,Social,Recommendations,Variant B,5158,16001,55507,0.0929,0.2117,0.765,0.6352,0.4771,0.5889,40.08,4.63,0.5609,0.5346,29,Low
USR-100160,2025-03-20,Germany,Premium,Tablet,Paid Search,Recommendations,Control,2329,7291,23139,0.1007,0.2406,0.7502,0.5487,0.369,0.7324,16.52,6.75,0.65,0.9233,81,High
USR-100161,2025-11-09,UK,Premium,Mobile,Email,AI Assistant,Control,3334,12689,33024,0.101,0.2078,0.7275,0.4656,0.3406,0.6989,21.62,2.14,0.6533,0.6939,93,High
USR-100162,2025-08-14,Germany,Free,Mobile,Social,Messaging,Variant B,4782,11398,41424,0.1154,0.2312,0.5845,0.4614,0.3554,0.7406,39.52,3.3,0.5305,0.5754,89,High
USR-100163,2025-05-09,India,Free,Desktop,Organic,Messaging,Control,1427,11300,40627,0.0351,0.162,0.8636,0.6085,0.5187,0.5501,31.79,3.7,0.5962,0.8368,95,High
USR-100164,2025-05-20,Canada,Premium,Desktop,Organic,Recommendations,Control,4680,15090,29746,0.1573,0.1914,0.6432,0.4497,0.2912,0.818,53.99,3.29,0.4821,0.519,80,High
USR-100165,2025-01-28,USA,Premium,Mobile,Organic,Checkout,Variant A,4247,14471,43978,0.0966,0.2556,0.7953,0.5733,0.4274,0.6821,56.22,7.85,0.6126,0.467,55,Medium
USR-100166,2025-02-20,UK,Premium,Tablet,Paid Search,Recommendations,Control,7874,15367,29938,0.263,0.283,0.6993,0.4973,0.3493,0.6749,41.32,4.43,0.5458,0.7748,42,Low
USR-100167,2025-08-18,Canada,Free,Tablet,Social,AI Assistant,Variant A,6040,8126,18318,0.3297,0.211,0.6603,0.4164,0.2703,0.7682,54.6,6.42,0.6897,0.4665,27,Low
USR-100168,2025-08-05,USA,Free,Desktop,Social,Recommendations,Control,1910,8630,29203,0.0654,0.1889,0.8301,0.6772,0.5851,0.4964,46.98,7.28,0.5633,0.5858,63,Medium
USR-100169,2025-02-02,Canada,Enterprise,Mobile,Email,Recommendations,Variant B,1908,12097,18174,0.105,0.3328,0.848,0.6083,0.4471,0.6385,32.89,3.77,0.5264,0.285,90,High
USR-100170,2025-01-01,Canada,Enterprise,Tablet,Organic,AI Assistant,Variant A,6036,13816,34581,0.1745,0.3628,0.6738,0.4029,0.2988,0.7334,40.95,4.92,0.5028,0.717,98,High
USR-100171,2025-07-04,USA,Premium,Desktop,Organic,Recommendations,Variant B,1554,12172,50420,0.0308,0.2752,0.756,0.5006,0.3287,0.7165,34.52,7.93,0.6493,0.6902,89,High
USR-100172,2025-07-11,Canada,Enterprise,Tablet,Organic,AI Assistant,Variant A,3077,5343,33745,0.0912,0.2931,0.8104,0.662,0.5275,0.591,36.68,5.05,0.675,0.6667,33,Low
USR-100173,2025-06-20,Canada,Enterprise,Desktop,Referral,Messaging,Variant A,2092,4818,32906,0.0636,0.2615,0.6505,0.396,0.2427,0.8315,41.37,9.62,0.6552,0.3159,94,High
USR-100174,2025-03-11,USA,Free,Mobile,Email,Checkout,Control,1516,11014,18437,0.0822,0.2977,0.7629,0.5411,0.385,0.651,34.49,5.17,0.6763,0.441,62,Medium
USR-100175,2025-09-21,Canada,Premium,Desktop,Organic,Checkout,Control,4262,15159,51183,0.0833,0.3244,0.7146,0.562,0.4265,0.6668,21.26,5.96,0.7057,0.4885,57,Medium
USR-100176,2025-05-20,Germany,Premium,Desktop,Paid Search,Recommendations,Variant B,2019,10048,43684,0.0462,0.2533,0.7409,0.4991,0.4156,0.679,17.7,3.32,0.5737,0.4569,76,High
USR-100177,2025-12-21,Germany,Free,Desktop,Social,Messaging,Control,5075,13093,52124,0.0974,0.2191,0.6144,0.3789,0.2103,0.869,18.14,2.21,0.4879,0.7694,59,Medium
USR-100178,2025-10-07,UK,Premium,Desktop,Social,Recommendations,Variant A,3406,10668,22391,0.1521,0.2324,0.8935,0.6707,0.5842,0.4938,64.06,8.41,0.7405,0.7235,35,Low
USR-100179,2025-03-27,UK,Enterprise,Desktop,Email,Search,Control,6650,15922,43960,0.1513,0.2288,0.7897,0.5377,0.4079,0.6198,35.62,4.43,0.6657,0.7233,82,High
USR-100180,2025-02-08,Canada,Free,Mobile,Social,Recommendations,Variant B,6498,15153,43962,0.1478,0.2644,0.8287,0.6383,0.5436,0.5092,26.19,4.97,0.6484,0.3752,90,High
USR-100181,2025-01-18,Germany,Enterprise,Mobile,Social,Messaging,Variant A,2034,5135,25601,0.0795,0.2695,0.7746,0.5872,0.4436,0.655,34.83,3.57,0.5802,0.7433,71,Medium
USR-100182,2025-12-14,India,Free,Tablet,Email,Recommendations,Control,4685,12762,42142,0.1112,0.3542,0.8326,0.6831,0.5669,0.4866,30.61,6.51,0.4583,0.6055,81,High
USR-100183,2025-06-10,Canada,Premium,Tablet,Referral,AI Assistant,Control,6321,12887,34245,0.1846,0.3116,0.7283,0.4736,0.375,0.7253,21.62,0.32,0.6078,0.8458,39,Low
USR-100184,2025-03-02,UK,Enterprise,Desktop,Paid Search,Search,Variant B,3144,9408,43654,0.072,0.3431,0.7126,0.4701,0.3742,0.7068,43.53,4.23,0.6383,0.5982,52,Medium
USR-100185,2025-03-11,Germany,Free,Tablet,Email,Checkout,Variant B,7986,11199,45824,0.1743,0.2112,0.6865,0.527,0.3564,0.6886,50.79,3.83,0.7294,0.5393,47,Low
USR-100186,2025-12-30,Canada,Premium,Tablet,Paid Search,Search,Control,1531,12542,36571,0.0419,0.2589,0.6952,0.5698,0.4835,0.6271,39.42,3.28,0.469,0.426,63,Medium
USR-100187,2025-04-13,UK,Enterprise,Tablet,Email,Recommendations,Control,7488,11763,32277,0.232,0.2724,0.7452,0.5356,0.3619,0.6633,16.12,4.3,0.6735,0.3919,88,High
USR-100188,2025-10-10,Germany,Enterprise,Desktop,Referral,AI Assistant,Variant A,2063,5475,14783,0.1396,0.2747,0.6586,0.4644,0.2872,0.7937,26.68,4.66,0.5759,0.4987,64,Medium
USR-100189,2025-02-07,India,Premium,Mobile,Social,AI Assistant,Variant A,2026,9220,19080,0.1062,0.2916,0.713,0.5032,0.3709,0.6606,44.0,6.38,0.6241,0.5249,82,High
USR-100190,2025-04-04,USA,Enterprise,Mobile,Email,Messaging,Control,7289,11403,44755,0.1629,0.2186,0.7452,0.5519,0.4234,0.6132,31.72,8.62,0.7516,0.4248,89,High
USR-100191,2025-03-24,USA,Premium,Mobile,Social,Checkout,Variant A,3643,9337,37013,0.0984,0.2245,0.7444,0.5424,0.3818,0.6841,28.96,3.84,0.5714,0.437,91,High
USR-100192,2025-03-06,Canada,Enterprise,Tablet,Paid Search,Messaging,Variant B,6120,13081,53043,0.1154,0.2661,0.8375,0.6847,0.5169,0.5911,32.95,6.07,0.6354,0.5752,36,Low
USR-100193,2025-12-04,USA,Free,Mobile,Social,Checkout,Control,6115,18029,45155,0.1354,0.2569,0.6958,0.4303,0.2964,0.7734,42.18,3.92,0.5759,0.7523,97,High
USR-100194,2025-11-30,India,Premium,Tablet,Email,Recommendations,Variant A,2726,14099,46400,0.0587,0.2657,0.6537,0.4878,0.3285,0.7493,54.63,6.11,0.6712,0.5512,28,Low
USR-100195,2025-05-06,USA,Free,Desktop,Referral,Recommendations,Control,7592,16245,40737,0.1864,0.199,0.7471,0.5158,0.3565,0.6952,33.31,4.51,0.5336,0.6435,83,High
USR-100196,2025-08-26,UK,Enterprise,Desktop,Referral,Messaging,Variant B,2671,10244,24659,0.1083,0.3631,0.6759,0.5425,0.3743,0.7261,45.3,5.21,0.6312,0.5732,65,Medium
USR-100197,2025-07-09,Germany,Free,Desktop,Referral,Messaging,Control,5218,16420,28378,0.1839,0.3174,0.8259,0.6793,0.5111,0.5516,54.62,9.6,0.6564,0.6289,65,Medium
USR-100198,2025-03-14,Germany,Free,Mobile,Email,AI Assistant,Variant B,1793,4622,28641,0.0626,0.2697,0.7188,0.5688,0.403,0.6989,63.31,5.8,0.5857,0.2867,74,Medium
USR-100199,2025-06-10,Germany,Premium,Desktop,Organic,Search,Variant A,2555,7165,44819,0.057,0.2517,0.8184,0.6412,0.5118,0.591,24.01,4.34,0.6772,0.662,90,High
USR-100200,2025-07-21,UK,Free,Mobile,Email,Recommendations,Variant B,5140,14631,35407,0.1452,0.2481,0.718,0.5753,0.4605,0.6045,48.69,7.34,0.4885,0.7666,52,Medium
USR-100201,2025-11-02,USA,Premium,Mobile,Email,Checkout,Control,7904,17614,41340,0.1912,0.2548,0.8135,0.5368,0.3934,0.6392,21.49,7.22,0.5728,0.6102,93,High
USR-100202,2025-07-26,India,Free,Desktop,Social,Checkout,Variant B,3997,6738,37990,0.1052,0.2742,0.7245,0.5682,0.4045,0.6434,57.26,6.92,0.4551,0.5989,31,Low
USR-100203,2025-02-07,India,Enterprise,Tablet,Organic,Messaging,Variant A,4164,14425,48939,0.0851,0.3114,0.661,0.3909,0.2238,0.8728,46.89,7.09,0.6428,0.5438,95,High
USR-100204,2025-02-19,Canada,Free,Tablet,Social,Recommendations,Variant A,4226,12340,39562,0.1068,0.2936,0.854,0.7162,0.5915,0.4745,39.97,7.07,0.6302,0.5705,96,High
USR-100205,2025-09-14,UK,Premium,Tablet,Referral,Messaging,Variant B,1329,4071,11621,0.1144,0.2506,0.6834,0.5567,0.4027,0.7091,47.93,4.46,0.651,0.5411,42,Low
USR-100206,2025-11-07,Germany,Enterprise,Tablet,Email,AI Assistant,Control,5223,9513,36006,0.1451,0.2969,0.7769,0.654,0.4777,0.615,50.44,4.3,0.6628,0.522,65,Medium
USR-100207,2025-06-22,India,Premium,Desktop,Organic,Checkout,Variant B,5155,15506,55393,0.0931,0.277,0.7013,0.4948,0.4051,0.6391,37.73,4.68,0.674,0.3376,87,High
USR-100208,2025-06-19,USA,Enterprise,Desktop,Email,AI Assistant,Variant A,6519,10314,42612,0.153,0.2073,0.6759,0.437,0.3522,0.7581,44.0,6.73,0.6822,0.6122,99,High
USR-100209,2025-10-23,India,Premium,Mobile,Paid Search,Search,Variant B,2864,5705,42191,0.0679,0.2967,0.701,0.5755,0.4372,0.6823,38.98,7.18,0.5358,0.6158,46,Low
USR-100210,2025-10-21,UK,Premium,Mobile,Referral,Messaging,Variant A,6738,10538,28041,0.2403,0.3088,0.7701,0.5095,0.3723,0.6994,12.66,4.03,0.7279,0.5272,27,Low
USR-100211,2025-07-30,Canada,Enterprise,Desktop,Referral,AI Assistant,Variant B,5110,14836,23917,0.2137,0.3043,0.7538,0.5629,0.4222,0.6609,60.96,6.46,0.616,0.3397,42,Low
USR-100212,2025-07-12,India,Premium,Tablet,Email,AI Assistant,Variant A,3570,8407,43531,0.082,0.2477,0.6894,0.4914,0.3462,0.7689,58.71,6.24,0.7933,0.5961,93,High
USR-100213,2025-09-05,Canada,Premium,Desktop,Paid Search,Recommendations,Variant A,2575,8613,31897,0.0807,0.2547,0.7289,0.551,0.4238,0.6008,31.99,4.02,0.4975,0.5675,96,High
USR-100214,2025-06-12,India,Enterprise,Tablet,Referral,Recommendations,Control,4930,12644,35565,0.1386,0.1848,0.7856,0.6325,0.5008,0.5198,53.18,4.22,0.6484,0.95,61,Medium
USR-100215,2025-06-26,USA,Premium,Desktop,Email,Recommendations,Variant A,7332,11731,35766,0.205,0.2789,0.7292,0.5457,0.457,0.6247,33.53,3.85,0.6961,0.5832,30,Low
USR-100216,2025-04-20,UK,Free,Mobile,Social,AI Assistant,Variant B,2655,13479,36247,0.0732,0.3551,0.7364,0.4575,0.3644,0.6831,18.71,2.04,0.6765,0.5528,96,High
USR-100217,2025-05-03,Canada,Free,Mobile,Referral,Checkout,Variant B,2986,5817,45619,0.0655,0.2986,0.8319,0.6624,0.5,0.6155,31.24,5.45,0.739,0.7145,53,Medium
USR-100218,2025-08-30,Germany,Enterprise,Desktop,Referral,Messaging,Control,1823,6075,11414,0.1597,0.2466,0.6865,0.4935,0.3766,0.6555,59.3,4.37,0.651,0.5548,95,High
USR-100219,2025-05-28,India,Free,Tablet,Organic,Messaging,Variant B,3631,10307,19184,0.1893,0.3213,0.8094,0.6315,0.4921,0.5289,47.92,5.6,0.6863,0.6231,36,Low
USR-100220,2025-08-02,Canada,Enterprise,Desktop,Organic,Search,Variant A,7861,12741,20122,0.3907,0.2294,0.7617,0.4973,0.4107,0.6627,14.24,4.1,0.8242,0.5072,75,High
USR-100221,2025-06-02,Germany,Enterprise,Tablet,Social,Recommendations,Variant A,5652,17527,29559,0.1912,0.162,0.784,0.5473,0.4021,0.7025,28.95,8.22,0.5145,0.7179,67,Medium
USR-100222,2025-03-10,USA,Premium,Mobile,Referral,Checkout,Control,7971,18232,53904,0.1479,0.31,0.6998,0.5084,0.3486,0.7536,12.53,4.02,0.4631,0.7557,59,Medium
USR-100223,2025-04-06,Canada,Free,Tablet,Referral,Recommendations,Variant B,1115,8638,32972,0.0338,0.3393,0.7868,0.5567,0.4392,0.5975,22.52,4.83,0.5854,0.6969,97,High
USR-100224,2025-09-21,Canada,Premium,Desktop,Paid Search,Search,Control,3686,7107,38376,0.096,0.3255,0.8237,0.6492,0.562,0.499,53.54,3.19,0.4797,0.7709,37,Low
USR-100225,2025-05-14,UK,Enterprise,Tablet,Social,Search,Variant A,4142,10000,44277,0.0935,0.3546,0.7123,0.5698,0.4412,0.5816,45.65,5.21,0.5751,0.5636,59,Medium
USR-100226,2025-05-14,USA,Premium,Desktop,Paid Search,Recommendations,Variant B,6354,14244,34730,0.183,0.2556,0.7178,0.5722,0.4899,0.6057,12.75,4.6,0.6025,0.6143,32,Low
USR-100227,2025-12-18,India,Free,Mobile,Paid Search,Recommendations,Variant A,5116,12211,24905,0.2054,0.272,0.7942,0.5419,0.3635,0.6853,36.5,5.96,0.4843,0.411,62,Medium
USR-100228,2025-03-20,India,Premium,Tablet,Paid Search,Messaging,Variant B,4727,16651,46136,0.1025,0.2003,0.7486,0.54,0.4058,0.6904,34.93,7.29,0.5249,0.449,78,High
USR-100229,2025-12-15,India,Enterprise,Desktop,Organic,AI Assistant,Variant A,7182,18943,29308,0.2451,0.1969,0.6881,0.4135,0.2777,0.777,22.98,5.61,0.7759,0.4421,92,High
USR-100230,2025-02-27,India,Free,Mobile,Email,AI Assistant,Variant B,1505,12477,50604,0.0297,0.1335,0.7228,0.4438,0.2758,0.8065,65.45,7.12,0.5742,0.3886,50,Medium
USR-100231,2025-08-15,Germany,Free,Desktop,Paid Search,AI Assistant,Variant B,1952,7317,44352,0.044,0.2585,0.7059,0.499,0.3962,0.7202,41.55,6.0,0.6969,0.5947,36,Low
USR-100232,2025-08-01,UK,Enterprise,Mobile,Referral,Checkout,Variant A,4742,15981,24764,0.1915,0.2754,0.7165,0.5765,0.4171,0.6305,36.26,3.21,0.6089,0.6386,96,High
USR-100233,2025-01-02,UK,Enterprise,Mobile,Social,Search,Variant A,7109,12679,22465,0.3164,0.2728,0.8028,0.6227,0.5141,0.5262,29.66,7.54,0.4391,0.95,30,Low
USR-100234,2025-02-05,Canada,Enterprise,Tablet,Referral,Checkout,Control,4867,7386,31200,0.156,0.3128,0.7534,0.4765,0.3557,0.7471,43.81,7.74,0.7033,0.5493,77,High
USR-100235,2025-07-15,India,Free,Tablet,Email,Search,Variant B,4674,12858,42476,0.11,0.2532,0.8002,0.5985,0.4558,0.6568,37.74,4.54,0.6999,0.7221,35,Low
USR-100236,2025-04-02,Canada,Free,Mobile,Email,Recommendations,Variant B,5401,13840,53498,0.101,0.2214,0.7644,0.5965,0.4806,0.6198,25.48,4.04,0.5672,0.7085,41,Low
USR-100237,2025-12-11,Canada,Free,Desktop,Email,Messaging,Variant A,6890,17810,50605,0.1362,0.2858,0.7829,0.64,0.4847,0.6122,54.64,6.4,0.6381,0.7405,93,High
USR-100238,2025-05-22,USA,Free,Mobile,Organic,Search,Variant B,2544,6392,13503,0.1884,0.2587,0.6871,0.5547,0.4339,0.6268,35.33,4.27,0.6185,0.5598,78,High
USR-100239,2025-11-01,USA,Premium,Desktop,Paid Search,AI Assistant,Variant B,1275,10589,18779,0.0679,0.2615,0.7765,0.6086,0.5209,0.5492,47.23,6.79,0.4814,0.4656,56,Medium
USR-100240,2025-04-22,Canada,Enterprise,Tablet,Email,AI Assistant,Variant A,7179,10103,24286,0.2956,0.2215,0.6836,0.435,0.2621,0.7984,34.1,6.28,0.4867,0.5601,89,High
USR-100241,2025-11-03,India,Free,Desktop,Email,Checkout,Control,7328,14581,35106,0.2087,0.2639,0.7414,0.5248,0.409,0.6758,5.0,5.51,0.754,0.7658,63,Medium
USR-100242,2025-02-01,Germany,Free,Desktop,Referral,AI Assistant,Variant B,5560,17253,33730,0.1648,0.2705,0.7105,0.5518,0.4004,0.7019,41.31,7.53,0.5175,0.5898,79,High
USR-100243,2025-06-13,Germany,Free,Tablet,Referral,Messaging,Variant A,6704,15525,47280,0.1418,0.2231,0.7934,0.5939,0.4855,0.5479,30.66,5.46,0.5442,0.7482,44,Low
USR-100244,2025-04-26,Germany,Premium,Tablet,Social,Messaging,Variant B,3463,7828,43172,0.0802,0.26,0.7394,0.6119,0.5043,0.5864,25.98,7.11,0.5882,0.4634,32,Low
USR-100245,2025-07-18,USA,Premium,Desktop,Organic,AI Assistant,Variant B,2989,9166,27491,0.1087,0.2964,0.7107,0.5406,0.3817,0.7275,49.91,4.97,0.6412,0.5645,67,Medium
USR-100246,2025-04-08,Canada,Enterprise,Tablet,Social,Messaging,Control,1422,7820,37538,0.0379,0.2733,0.705,0.506,0.3872,0.6961,45.31,3.81,0.6253,0.5903,30,Low
USR-100247,2025-09-03,Canada,Enterprise,Mobile,Referral,Messaging,Control,2711,10166,35035,0.0774,0.2072,0.8035,0.6666,0.5084,0.576,36.05,4.43,0.61,0.6702,26,Low
USR-100248,2025-12-23,UK,Premium,Desktop,Referral,AI Assistant,Variant B,5951,11301,42294,0.1407,0.1878,0.6022,0.4488,0.3319,0.7251,55.29,4.66,0.5783,0.6524,55,Medium
USR-100249,2025-11-29,Germany,Premium,Mobile,Referral,Checkout,Variant B,3943,10996,33137,0.119,0.2415,0.8662,0.6054,0.5038,0.584,16.25,6.59,0.6401,0.4447,71,Medium
USR-100250,2025-04-15,Canada,Enterprise,Mobile,Organic,Checkout,Variant B,4036,11162,43289,0.0932,0.2165,0.8075,0.5843,0.4648,0.6265,40.69,4.95,0.5397,0.3681,30,Low
USR-100251,2025-10-11,Canada,Premium,Mobile,Referral,AI Assistant,Control,5784,17272,49638,0.1165,0.1728,0.7471,0.4934,0.4119,0.646,34.8,3.51,0.405,0.5513,62,Medium
USR-100252,2025-05-06,Germany,Premium,Mobile,Email,Messaging,Variant A,5090,16111,43233,0.1177,0.3806,0.7871,0.6655,0.5391,0.5772,66.25,5.57,0.6943,0.4715,57,Medium
USR-100253,2025-03-13,USA,Enterprise,Mobile,Organic,Search,Variant B,6900,17854,54856,0.1258,0.266,0.8329,0.5567,0.4641,0.5576,47.42,6.21,0.5817,0.494,48,Low
USR-100254,2025-01-04,Canada,Free,Mobile,Social,Recommendations,Variant B,4378,8630,28797,0.152,0.2651,0.8329,0.6572,0.54,0.4801,51.84,2.9,0.6636,0.6815,33,Low
USR-100255,2025-07-11,India,Enterprise,Desktop,Organic,Search,Control,1495,11411,48383,0.0309,0.1463,0.6838,0.5153,0.4287,0.6141,36.55,2.41,0.5959,0.8292,27,Low
USR-100256,2025-09-29,Germany,Free,Mobile,Organic,AI Assistant,Variant B,6916,13417,37205,0.1859,0.261,0.7538,0.4798,0.3922,0.6644,28.73,4.18,0.6371,0.4309,27,Low
USR-100257,2025-03-18,UK,Premium,Mobile,Email,Recommendations,Variant A,2974,8118,47619,0.0625,0.2797,0.8248,0.6813,0.5202,0.5634,60.13,3.47,0.5451,0.3914,57,Medium
USR-100258,2025-08-24,USA,Enterprise,Tablet,Organic,Search,Variant B,5628,11612,31413,0.1792,0.2483,0.768,0.5728,0.4038,0.687,22.75,4.94,0.613,0.6677,63,Medium
USR-100259,2025-07-27,USA,Enterprise,Mobile,Organic,Recommendations,Variant B,4106,12285,48480,0.0847,0.2602,0.6424,0.4137,0.3261,0.7214,35.47,7.53,0.4331,0.81,32,Low
USR-100260,2025-08-11,Canada,Free,Tablet,Social,Recommendations,Control,6283,13710,24959,0.2517,0.1888,0.724,0.596,0.4316,0.6865,44.27,5.83,0.6138,0.6298,92,High
USR-100261,2025-05-19,USA,Free,Desktop,Organic,Messaging,Variant B,1381,4599,27973,0.0494,0.2388,0.643,0.428,0.3407,0.7415,43.96,5.23,0.5587,0.6532,94,High
USR-100262,2025-10-28,India,Free,Tablet,Referral,AI Assistant,Control,2181,10706,20748,0.1051,0.3502,0.7285,0.5689,0.4248,0.6619,41.25,3.15,0.6095,0.8143,63,Medium
USR-100263,2025-06-19,UK,Free,Mobile,Referral,Messaging,Variant B,4144,8436,18575,0.2231,0.2909,0.7276,0.571,0.4276,0.6146,50.35,4.43,0.5724,0.6199,89,High
USR-100264,2025-02-08,UK,Premium,Desktop,Paid Search,Checkout,Control,3790,15705,46703,0.0812,0.2382,0.736,0.5391,0.3929,0.639,27.39,2.54,0.5025,0.3395,66,Medium
USR-100265,2025-10-11,Germany,Free,Tablet,Email,Messaging,Variant B,4075,13150,30322,0.1344,0.2724,0.749,0.4769,0.3392,0.7165,28.42,6.54,0.4524,0.7139,99,High
USR-100266,2026-01-01,Canada,Enterprise,Desktop,Email,Checkout,Variant A,1602,4946,27507,0.0582,0.1994,0.7838,0.6331,0.4613,0.5689,16.63,5.26,0.6271,0.5516,44,Low
USR-100267,2025-02-24,UK,Free,Mobile,Organic,Messaging,Variant A,1749,3834,29036,0.0602,0.183,0.859,0.6462,0.5145,0.5814,25.42,2.94,0.5949,0.7182,81,High
USR-100268,2025-08-09,USA,Free,Desktop,Social,Search,Control,4676,15801,54384,0.086,0.2536,0.8307,0.6311,0.5306,0.5485,30.29,3.46,0.5807,0.6466,77,High
USR-100269,2025-11-02,Germany,Premium,Mobile,Social,Messaging,Variant A,5899,13214,43460,0.1357,0.2606,0.7826,0.5971,0.436,0.6676,55.3,3.38,0.6644,0.7589,26,Low
USR-100270,2025-10-20,UK,Premium,Desktop,Referral,Messaging,Control,5268,10046,39997,0.1317,0.1711,0.7592,0.5712,0.4874,0.5454,47.66,0.85,0.5515,0.4265,46,Low
USR-100271,2025-02-02,Germany,Free,Desktop,Email,Messaging,Variant A,2369,11490,34575,0.0685,0.2085,0.6951,0.5749,0.422,0.6947,47.51,3.25,0.6633,0.6494,78,High
USR-100272,2025-11-17,Canada,Premium,Mobile,Referral,Checkout,Control,5061,16789,34604,0.1463,0.1737,0.6993,0.5273,0.376,0.7257,31.56,3.27,0.7268,0.322,83,High
USR-100273,2025-11-14,India,Free,Desktop,Email,AI Assistant,Variant A,4112,11511,45361,0.0907,0.2301,0.7537,0.5466,0.3957,0.641,43.86,7.58,0.662,0.3545,67,Medium
USR-100274,2025-12-22,UK,Premium,Tablet,Referral,AI Assistant,Variant A,2645,12493,38083,0.0695,0.3126,0.6801,0.4387,0.3484,0.723,5.67,5.47,0.6966,0.7293,47,Low
USR-100275,2025-05-05,USA,Enterprise,Mobile,Social,AI Assistant,Variant A,3669,11830,35199,0.1042,0.3008,0.7355,0.5044,0.3515,0.7547,49.75,4.15,0.5653,0.415,75,High
USR-100276,2025-04-03,Canada,Premium,Desktop,Organic,Recommendations,Variant B,6584,17596,24359,0.2703,0.282,0.7867,0.5504,0.4142,0.7005,5.0,5.07,0.6463,0.4998,84,High
USR-100277,2025-12-11,Canada,Enterprise,Desktop,Referral,Search,Variant A,5090,9370,34216,0.1488,0.2244,0.8267,0.7027,0.5388,0.4823,16.75,4.59,0.6812,0.6663,55,Medium
USR-100278,2025-08-18,Germany,Enterprise,Mobile,Email,AI Assistant,Variant B,5898,15749,47016,0.1254,0.285,0.743,0.6147,0.4842,0.6076,34.67,5.66,0.6295,0.788,93,High
USR-100279,2025-11-01,UK,Free,Tablet,Social,Search,Variant B,6227,9619,21786,0.2858,0.2102,0.7232,0.4648,0.3691,0.6819,47.71,4.53,0.6948,0.6726,56,Medium
USR-100280,2025-10-16,USA,Free,Desktop,Paid Search,AI Assistant,Control,6284,14831,41562,0.1512,0.2942,0.658,0.4465,0.2832,0.8274,38.98,4.11,0.5298,0.4147,80,High
USR-100281,2025-09-23,Germany,Premium,Tablet,Social,AI Assistant,Variant A,5571,17082,36567,0.1524,0.3225,0.6491,0.4757,0.3224,0.7381,30.5,2.3,0.5207,0.7654,82,High
USR-100282,2025-03-19,Germany,Free,Mobile,Paid Search,Checkout,Variant A,3825,6227,42865,0.0892,0.2522,0.7071,0.436,0.2918,0.7953,21.4,6.09,0.7316,0.5058,38,Low
USR-100283,2025-06-09,UK,Premium,Mobile,Referral,Recommendations,Variant A,3810,13270,31827,0.1197,0.2453,0.7083,0.5441,0.4209,0.6971,38.46,3.91,0.5916,0.4414,91,High
USR-100284,2025-06-13,UK,Enterprise,Mobile,Paid Search,Messaging,Control,1550,8469,16397,0.0945,0.3045,0.8021,0.6145,0.4998,0.56,26.4,4.07,0.4702,0.5608,39,Low
USR-100285,2025-09-22,Germany,Premium,Mobile,Referral,Messaging,Variant B,2429,13471,28965,0.0839,0.3074,0.6628,0.3878,0.2474,0.7803,30.35,4.74,0.7439,0.7811,67,Medium
USR-100286,2025-04-06,India,Free,Desktop,Social,Recommendations,Variant B,6246,15326,46250,0.135,0.195,0.7898,0.6674,0.4909,0.5542,54.66,6.92,0.484,0.7189,28,Low
USR-100287,2025-07-19,USA,Enterprise,Mobile,Social,Messaging,Variant B,1036,6555,25041,0.0414,0.2928,0.6478,0.3892,0.2145,0.8161,45.72,5.78,0.6413,0.381,60,Medium
USR-100288,2025-07-07,Germany,Enterprise,Tablet,Email,AI Assistant,Variant A,3670,8898,43884,0.0836,0.3124,0.8102,0.6249,0.5434,0.5349,33.42,2.44,0.6012,0.6546,39,Low
USR-100289,2025-07-18,Germany,Enterprise,Mobile,Email,AI Assistant,Variant A,6007,14438,26924,0.2231,0.2407,0.7652,0.5376,0.3599,0.6703,37.67,4.9,0.628,0.5246,69,Medium
USR-100290,2025-10-30,UK,Free,Mobile,Email,Messaging,Control,1694,5888,31412,0.0539,0.2534,0.7896,0.6282,0.5048,0.5875,38.22,5.05,0.7355,0.7736,40,Low
USR-100291,2025-09-19,Germany,Free,Desktop,Social,Messaging,Variant A,4182,13034,27069,0.1545,0.3004,0.6816,0.547,0.4471,0.6606,27.03,4.03,0.5367,0.4552,98,High
USR-100292,2025-10-12,UK,Premium,Tablet,Organic,Checkout,Control,2366,12388,36317,0.0651,0.2566,0.6971,0.4599,0.3192,0.7681,43.71,5.97,0.498,0.611,42,Low
USR-100293,2025-01-05,India,Enterprise,Desktop,Referral,Recommendations,Variant B,4969,9205,26992,0.1841,0.3309,0.7809,0.5428,0.4107,0.6161,47.57,4.84,0.6958,0.9346,74,Medium
USR-100294,2025-08-01,India,Free,Mobile,Email,Search,Control,6817,16089,53116,0.1283,0.2207,0.6571,0.3938,0.2472,0.8515,67.98,3.92,0.6765,0.4274,46,Low
USR-100295,2025-05-21,India,Enterprise,Desktop,Social,AI Assistant,Variant A,2841,13649,37567,0.0756,0.1792,0.6179,0.394,0.2204,0.806,30.31,6.66,0.579,0.5732,46,Low
USR-100296,2025-02-27,India,Free,Tablet,Referral,AI Assistant,Variant A,5691,9562,32118,0.1772,0.2613,0.6248,0.4958,0.3667,0.746,41.53,4.56,0.7499,0.4273,94,High
USR-100297,2025-04-22,Germany,Premium,Desktop,Organic,Recommendations,Control,4482,8159,29381,0.1525,0.225,0.7105,0.5648,0.4778,0.5608,49.07,5.78,0.6556,0.7252,63,Medium
USR-100298,2025-03-02,UK,Enterprise,Tablet,Referral,Messaging,Variant B,7353,13235,31989,0.2299,0.2434,0.7033,0.5337,0.4287,0.6428,7.97,6.11,0.6939,0.51,100,High
USR-100299,2025-11-12,UK,Enterprise,Desktop,Social,AI Assistant,Variant B,2140,7525,26087,0.082,0.2266,0.8003,0.5341,0.3588,0.6939,39.2,1.43,0.5916,0.4523,32,Low
USR-100300,2025-03-28,India,Enterprise,Mobile,Paid Search,Recommendations,Variant A,3651,10445,34406,0.1061,0.2688,0.9191,0.7681,0.6022,0.4855,40.45,5.48,0.5788,0.8186,98,High
USR-100301,2025-01-31,UK,Free,Tablet,Referral,Recommendations,Control,3271,7349,21045,0.1554,0.2048,0.7615,0.5337,0.4358,0.6536,32.16,4.7,0.6881,0.7178,56,Medium
USR-100302,2025-03-14,USA,Enterprise,Mobile,Referral,AI Assistant,Variant A,5730,12132,44278,0.1294,0.1977,0.7433,0.6099,0.528,0.5086,34.07,5.92,0.5476,0.5368,73,Medium
USR-100303,2025-05-23,India,Free,Tablet,Organic,Recommendations,Variant A,6691,14737,49535,0.1351,0.2653,0.6484,0.4312,0.3267,0.6991,18.71,4.24,0.6917,0.8933,87,High
USR-100304,2025-11-22,Canada,Premium,Mobile,Referral,Checkout,Variant A,6440,14309,23459,0.2745,0.1807,0.6272,0.4207,0.2711,0.8191,38.01,2.99,0.6912,0.5438,93,High
USR-100305,2025-06-15,Canada,Enterprise,Desktop,Email,Search,Variant B,7785,14431,41566,0.1873,0.2874,0.8732,0.7347,0.5941,0.4376,25.47,4.51,0.5303,0.6777,95,High
USR-100306,2025-01-24,Germany,Premium,Mobile,Referral,Messaging,Control,1815,11344,17411,0.1042,0.3029,0.7259,0.5732,0.4424,0.6195,37.36,3.9,0.7723,0.7238,40,Low
USR-100307,2025-12-19,UK,Premium,Mobile,Email,Messaging,Control,2080,9025,24443,0.0851,0.2052,0.7903,0.6687,0.5164,0.5572,43.21,5.86,0.6058,0.7635,60,Medium
USR-100308,2025-01-27,USA,Enterprise,Mobile,Organic,Messaging,Variant B,4246,11251,31595,0.1344,0.3148,0.7025,0.5103,0.412,0.6935,36.74,6.94,0.5952,0.4753,79,High
USR-100309,2025-09-02,Germany,Free,Mobile,Email,Search,Variant B,1638,5812,25635,0.0639,0.2462,0.7964,0.5897,0.4129,0.6138,29.51,5.56,0.706,0.5062,91,High
USR-100310,2025-08-05,Germany,Free,Tablet,Organic,Search,Control,6685,10850,47156,0.1418,0.1662,0.7772,0.622,0.5069,0.5504,35.39,4.15,0.7509,0.5376,34,Low
USR-100311,2025-06-10,Canada,Free,Tablet,Social,Search,Control,4011,10913,24899,0.1611,0.3245,0.7981,0.6768,0.575,0.5112,35.18,5.19,0.6579,0.6803,73,Medium
USR-100312,2025-11-09,Canada,Enterprise,Tablet,Paid Search,Recommendations,Variant B,6324,11012,44854,0.141,0.2233,0.7449,0.5023,0.3639,0.7343,48.52,6.26,0.5185,0.5886,69,Medium
USR-100313,2025-11-12,Canada,Free,Tablet,Referral,Checkout,Control,6624,15872,35109,0.1887,0.3137,0.8316,0.5928,0.4958,0.5437,42.15,5.99,0.6258,0.6267,36,Low
USR-100314,2025-08-08,USA,Free,Tablet,Social,AI Assistant,Variant B,3576,7866,29104,0.1229,0.345,0.8043,0.542,0.4041,0.6791,36.71,3.13,0.531,0.72,60,Medium
USR-100315,2025-11-08,India,Enterprise,Mobile,Referral,Checkout,Variant B,3334,5773,30541,0.1092,0.2285,0.6795,0.5209,0.4194,0.6431,38.22,6.73,0.5374,0.8079,51,Medium
USR-100316,2025-11-27,Canada,Premium,Tablet,Social,Search,Control,1447,7368,44800,0.0323,0.2855,0.8018,0.5544,0.4472,0.642,39.38,5.11,0.4962,0.7458,74,Medium
USR-100317,2025-09-28,India,Premium,Desktop,Social,Messaging,Variant A,1098,9014,34754,0.0316,0.2191,0.7034,0.4723,0.3704,0.7091,49.87,3.1,0.6542,0.6738,41,Low
USR-100318,2025-08-30,USA,Premium,Mobile,Organic,Search,Control,7310,10505,16598,0.4404,0.2252,0.7749,0.6408,0.4909,0.5659,31.56,5.09,0.5834,0.6537,100,High
USR-100319,2025-07-23,Germany,Free,Tablet,Social,AI Assistant,Variant A,5150,11843,49679,0.1037,0.2331,0.744,0.5173,0.405,0.7048,33.39,6.44,0.6368,0.6274,78,High
USR-100320,2025-11-12,India,Free,Mobile,Social,Checkout,Control,2250,8796,19274,0.1167,0.2835,0.6479,0.5171,0.4276,0.6923,54.26,3.82,0.6395,0.6274,64,Medium
USR-100321,2025-07-20,Canada,Free,Mobile,Organic,Recommendations,Variant B,5804,8887,34214,0.1696,0.2551,0.7098,0.569,0.4868,0.5692,42.67,7.63,0.6965,0.3832,80,High
USR-100322,2025-03-01,Canada,Free,Mobile,Paid Search,Search,Variant B,4714,16689,25295,0.1864,0.2911,0.8197,0.5777,0.4938,0.6099,53.0,8.63,0.6873,0.6296,64,Medium
USR-100323,2025-03-25,UK,Free,Desktop,Paid Search,Checkout,Variant B,5066,12746,52021,0.0974,0.3417,0.8453,0.5668,0.4111,0.6531,26.54,7.81,0.65,0.3701,91,High
USR-100324,2025-03-02,India,Free,Desktop,Social,Search,Variant A,7319,9799,36754,0.1991,0.2784,0.614,0.4601,0.2805,0.8376,53.66,6.13,0.6653,0.8196,79,High
USR-100325,2025-09-12,India,Free,Desktop,Paid Search,Checkout,Variant A,4728,15096,43697,0.1082,0.2567,0.7008,0.4728,0.325,0.7323,65.48,5.21,0.6909,0.7812,32,Low
USR-100326,2025-02-22,USA,Free,Mobile,Organic,Recommendations,Control,5701,9590,29558,0.1929,0.2229,0.7109,0.4891,0.3492,0.6887,32.43,8.29,0.6862,0.6511,90,High
USR-100327,2025-07-06,Germany,Free,Desktop,Paid Search,Recommendations,Variant B,4137,8595,25323,0.1634,0.2862,0.8199,0.588,0.4242,0.6761,38.61,6.15,0.4076,0.5355,29,Low
USR-100328,2025-06-13,USA,Free,Mobile,Social,Search,Variant B,3222,6498,35930,0.0897,0.2721,0.6709,0.5066,0.3345,0.7438,13.65,7.09,0.5454,0.5576,40,Low
USR-100329,2025-07-25,USA,Enterprise,Desktop,Organic,Checkout,Variant A,1564,11184,34685,0.0451,0.3066,0.7557,0.4944,0.3485,0.6926,46.81,3.83,0.6816,0.4853,64,Medium
USR-100330,2025-04-13,UK,Enterprise,Desktop,Paid Search,AI Assistant,Variant A,3388,14625,39542,0.0857,0.2727,0.7892,0.5135,0.387,0.7177,35.45,4.38,0.6374,0.6263,56,Medium
USR-100331,2025-05-06,India,Premium,Tablet,Organic,Checkout,Control,2233,4337,36209,0.0617,0.2267,0.7293,0.5756,0.4727,0.5942,31.12,4.72,0.5895,0.5438,28,Low
USR-100332,2025-01-01,India,Free,Desktop,Referral,Search,Control,7217,15381,40534,0.178,0.2569,0.7688,0.6043,0.4445,0.6081,23.79,3.91,0.5795,0.493,38,Low
USR-100333,2025-03-14,India,Premium,Tablet,Email,Recommendations,Control,6829,13413,24509,0.2786,0.3285,0.6717,0.5417,0.4406,0.6603,32.22,3.62,0.6075,0.4527,30,Low
USR-100334,2025-02-13,Germany,Free,Tablet,Social,Search,Variant B,5757,9322,47445,0.1213,0.2887,0.6328,0.3842,0.2905,0.7876,21.68,5.23,0.4959,0.6972,42,Low
USR-100335,2025-08-11,UK,Premium,Tablet,Email,Checkout,Variant A,6426,10567,31084,0.2067,0.2177,0.7385,0.545,0.4344,0.6678,36.37,4.12,0.7491,0.5318,62,Medium
USR-100336,2025-08-20,India,Free,Mobile,Organic,Messaging,Control,3227,9054,18948,0.1703,0.3516,0.7888,0.5445,0.3783,0.6731,55.13,5.43,0.5153,0.5051,50,Medium
USR-100337,2025-08-19,UK,Free,Desktop,Email,Recommendations,Variant B,4817,11962,43603,0.1105,0.3451,0.7355,0.5367,0.4084,0.6954,51.32,4.58,0.4737,0.4413,40,Low
USR-100338,2025-05-16,UK,Enterprise,Tablet,Social,Search,Variant B,7983,11947,22872,0.349,0.3381,0.7236,0.5834,0.4838,0.6313,41.67,3.07,0.5819,0.95,45,Low
USR-100339,2025-04-21,Canada,Premium,Desktop,Social,Search,Variant B,7847,15217,29937,0.2621,0.1983,0.7796,0.5712,0.454,0.6322,41.03,3.33,0.5629,0.4544,36,Low
USR-100340,2025-12-13,Germany,Enterprise,Tablet,Social,Messaging,Variant A,3448,9710,26104,0.1321,0.2296,0.7077,0.4556,0.347,0.7657,38.94,5.96,0.582,0.4306,28,Low
USR-100341,2025-02-18,USA,Free,Mobile,Paid Search,Recommendations,Control,4785,8454,22615,0.2116,0.2334,0.8117,0.6778,0.5421,0.5624,30.56,6.02,0.5218,0.6822,40,Low
USR-100342,2025-07-10,USA,Free,Tablet,Referral,Messaging,Control,6622,9998,31960,0.2072,0.2804,0.7215,0.5616,0.4553,0.5648,42.15,5.84,0.7183,0.6833,34,Low
USR-100343,2025-02-17,USA,Free,Tablet,Referral,Recommendations,Variant A,7940,15372,28401,0.2796,0.2529,0.669,0.4928,0.4034,0.6652,24.89,4.06,0.6334,0.5519,30,Low
USR-100344,2025-09-12,Canada,Free,Desktop,Email,Recommendations,Variant A,1241,9511,42472,0.0292,0.1481,0.6128,0.3711,0.2757,0.793,65.15,2.82,0.7037,0.5252,47,Low
USR-100345,2025-03-18,India,Premium,Mobile,Organic,Checkout,Variant A,1283,7309,31649,0.0405,0.23,0.6734,0.4717,0.3302,0.7809,45.12,11.87,0.4433,0.8387,88,High
USR-100346,2025-07-16,India,Free,Desktop,Email,Recommendations,Control,2124,10992,29063,0.0731,0.2456,0.7572,0.6332,0.5083,0.5354,41.49,3.68,0.5448,0.4981,92,High
USR-100347,2025-10-06,UK,Premium,Desktop,Paid Search,Search,Variant B,7401,17341,44887,0.1649,0.3211,0.7108,0.5281,0.373,0.6595,27.77,6.49,0.6648,0.8573,97,High
USR-100348,2025-06-13,Germany,Enterprise,Desktop,Social,Messaging,Control,5891,11479,18399,0.3202,0.2512,0.7801,0.6495,0.5676,0.5351,59.47,5.43,0.5538,0.3993,60,Medium
USR-100349,2025-03-23,USA,Free,Tablet,Referral,Checkout,Variant B,1820,7880,28684,0.0635,0.2853,0.7518,0.5893,0.4482,0.6396,50.17,4.43,0.5389,0.7233,59,Medium
USR-100350,2025-03-30,USA,Enterprise,Tablet,Email,AI Assistant,Variant B,2442,8317,34157,0.0715,0.3038,0.8284,0.55,0.4388,0.6152,36.48,3.84,0.5444,0.3923,70,Medium
USR-100351,2025-10-16,UK,Free,Desktop,Organic,Search,Variant B,2164,13389,30725,0.0704,0.2366,0.6707,0.4021,0.3159,0.7133,42.54,3.25,0.6168,0.1313,88,High
USR-100352,2025-01-29,Germany,Free,Desktop,Social,Messaging,Variant B,2905,14762,34101,0.0852,0.2507,0.6422,0.4163,0.2612,0.8342,50.11,5.48,0.6553,0.6849,27,Low
USR-100353,2025-03-08,Canada,Enterprise,Tablet,Paid Search,Search,Control,3791,8698,34904,0.1086,0.2918,0.673,0.4872,0.367,0.7415,53.9,3.32,0.544,0.4887,32,Low
USR-100354,2025-09-27,USA,Premium,Desktop,Email,Messaging,Variant B,3989,7177,36660,0.1088,0.2336,0.6766,0.4878,0.3247,0.7073,41.21,8.11,0.605,0.3024,75,High
USR-100355,2025-03-22,India,Enterprise,Tablet,Email,Messaging,Control,6999,16156,53085,0.1318,0.299,0.6425,0.4531,0.3567,0.675,50.76,5.38,0.7111,0.4531,65,Medium
USR-100356,2025-12-07,UK,Free,Mobile,Organic,AI Assistant,Variant B,5824,10696,40493,0.1438,0.2872,0.752,0.5006,0.3639,0.7218,34.97,6.66,0.6473,0.656,64,Medium
USR-100357,2025-07-20,UK,Enterprise,Mobile,Social,Search,Variant B,7969,19266,26388,0.302,0.2689,0.6853,0.4911,0.3992,0.7189,59.23,6.22,0.6158,0.5482,48,Low
USR-100358,2025-09-12,UK,Free,Tablet,Organic,Checkout,Variant A,2152,9577,19676,0.1094,0.2124,0.7446,0.597,0.4602,0.5894,37.08,5.97,0.5755,0.5581,55,Medium
USR-100359,2025-08-17,USA,Premium,Desktop,Organic,Search,Variant B,1093,7438,26179,0.0418,0.2665,0.7219,0.5286,0.4259,0.6555,44.8,2.57,0.6966,0.5093,56,Medium
USR-100360,2025-01-25,Germany,Premium,Desktop,Social,Recommendations,Variant A,4161,13340,45842,0.0908,0.2553,0.8195,0.6434,0.5271,0.5735,22.91,4.12,0.6045,0.4523,46,Low
USR-100361,2025-02-21,USA,Free,Desktop,Organic,Checkout,Variant A,7789,17644,37427,0.2081,0.3217,0.7361,0.5807,0.4626,0.6382,32.24,7.16,0.4604,0.5217,45,Low
USR-100362,2025-05-14,Canada,Enterprise,Mobile,Social,Search,Variant A,1857,5072,32472,0.0572,0.2695,0.767,0.5619,0.4786,0.589,21.94,4.67,0.6228,0.588,46,Low
USR-100363,2025-06-23,Canada,Enterprise,Desktop,Paid Search,Search,Variant B,5866,15775,22806,0.2572,0.3462,0.7699,0.6389,0.5171,0.5145,46.54,5.47,0.5631,0.6136,80,High
USR-100364,2025-02-21,India,Enterprise,Tablet,Social,Checkout,Variant B,3712,9079,26529,0.1399,0.2957,0.617,0.4325,0.2691,0.8324,16.14,7.55,0.5728,0.5367,77,High
USR-100365,2025-12-05,Germany,Enterprise,Tablet,Referral,Messaging,Control,3306,10178,30745,0.1075,0.2065,0.6328,0.4047,0.2589,0.7681,21.17,4.53,0.6354,0.5301,37,Low
USR-100366,2025-01-28,India,Premium,Mobile,Organic,Search,Variant A,3955,6017,39040,0.1013,0.2553,0.7082,0.5613,0.3934,0.6823,38.2,2.52,0.6383,0.5416,36,Low
USR-100367,2025-04-16,UK,Premium,Desktop,Referral,Checkout,Control,2399,9180,19549,0.1227,0.3285,0.8258,0.6413,0.4861,0.587,27.74,8.29,0.672,0.663,85,High
USR-100368,2025-02-16,Germany,Premium,Mobile,Referral,Search,Variant A,6258,17172,47568,0.1316,0.2717,0.7251,0.5187,0.3542,0.7089,48.25,4.84,0.6624,0.509,48,Low
USR-100369,2025-05-15,India,Free,Mobile,Organic,Search,Variant A,4602,14221,36483,0.1261,0.3775,0.5801,0.4107,0.2734,0.7791,36.68,5.91,0.5409,0.7719,53,Medium
USR-100370,2025-12-09,India,Free,Desktop,Social,Recommendations,Control,3816,14687,46818,0.0815,0.3121,0.775,0.5035,0.3835,0.7148,39.03,4.63,0.7126,0.7432,100,High
USR-100371,2025-10-02,USA,Premium,Tablet,Organic,AI Assistant,Variant A,6628,16407,36850,0.1799,0.2822,0.6709,0.5153,0.4046,0.67,21.74,4.72,0.5859,0.3986,85,High
USR-100372,2025-10-20,Canada,Free,Mobile,Paid Search,Messaging,Variant A,5233,16596,31259,0.1674,0.2794,0.7551,0.6216,0.5023,0.5277,22.14,5.79,0.5801,0.5039,40,Low
USR-100373,2025-01-22,Canada,Enterprise,Desktop,Email,Search,Variant B,4468,7751,41284,0.1082,0.2303,0.7336,0.6073,0.4699,0.5894,39.02,4.5,0.6029,0.5744,50,Medium
USR-100374,2025-02-14,UK,Enterprise,Desktop,Organic,AI Assistant,Variant A,4179,15294,46335,0.0902,0.1734,0.8297,0.5539,0.4195,0.628,23.73,6.79,0.5907,0.697,95,High
USR-100375,2025-10-28,Canada,Enterprise,Tablet,Social,Search,Control,5280,14154,26528,0.199,0.2285,0.7442,0.556,0.3928,0.7078,28.09,3.99,0.6011,0.4455,78,High
USR-100376,2025-02-24,Germany,Premium,Desktop,Referral,AI Assistant,Variant A,5609,9263,33012,0.1699,0.3021,0.7178,0.5844,0.4833,0.6119,37.85,4.08,0.4554,0.4787,93,High
USR-100377,2025-11-08,Canada,Enterprise,Tablet,Referral,Search,Variant A,4875,7488,23773,0.2051,0.2937,0.5978,0.452,0.3148,0.7857,29.51,5.98,0.5733,0.4758,60,Medium
USR-100378,2025-07-22,UK,Free,Desktop,Email,Checkout,Variant A,3715,9607,17837,0.2083,0.2023,0.6349,0.4061,0.3204,0.7031,59.95,3.74,0.652,0.4093,85,High
USR-100379,2025-05-24,UK,Enterprise,Desktop,Email,Checkout,Control,7904,17958,29394,0.2689,0.2862,0.7205,0.4572,0.3475,0.6955,17.47,4.35,0.688,0.6573,54,Medium
USR-100380,2025-08-02,Germany,Enterprise,Desktop,Social,Checkout,Control,5955,9417,26733,0.2228,0.3089,0.7713,0.5878,0.4922,0.6016,57.62,3.26,0.5799,0.5491,81,High
USR-100381,2025-01-29,India,Premium,Mobile,Social,AI Assistant,Variant B,5221,9825,19125,0.273,0.2903,0.8069,0.5945,0.4279,0.621,69.94,4.15,0.4872,0.298,64,Medium
USR-100382,2025-01-15,USA,Premium,Mobile,Email,Messaging,Control,2423,7581,25735,0.0942,0.2956,0.627,0.3709,0.2707,0.8427,50.99,6.12,0.7276,0.6243,32,Low
USR-100383,2025-05-21,USA,Enterprise,Mobile,Paid Search,Checkout,Variant B,4017,13622,51725,0.0777,0.2932,0.6965,0.536,0.3694,0.6609,50.61,5.97,0.7047,0.4033,75,High
USR-100384,2025-09-08,India,Premium,Desktop,Paid Search,Checkout,Variant B,5866,15174,31812,0.1844,0.3434,0.8314,0.6022,0.4647,0.5982,50.85,3.9,0.6683,0.4244,85,High
USR-100385,2025-12-19,Canada,Enterprise,Mobile,Paid Search,Messaging,Control,1740,8410,15208,0.1144,0.2909,0.661,0.4215,0.3196,0.7064,41.97,3.52,0.5423,0.7674,74,Medium
USR-100386,2025-12-13,USA,Premium,Mobile,Paid Search,AI Assistant,Control,2693,9101,40938,0.0658,0.299,0.7377,0.5646,0.4381,0.5833,35.4,4.65,0.6161,0.5391,90,High
USR-100387,2025-01-05,Germany,Premium,Desktop,Email,Messaging,Variant A,2833,8968,33986,0.0834,0.3322,0.6076,0.4597,0.3501,0.7363,40.59,6.79,0.611,0.95,60,Medium
USR-100388,2025-08-27,USA,Enterprise,Tablet,Email,AI Assistant,Control,3475,14005,45032,0.0772,0.1766,0.8035,0.5367,0.416,0.6183,24.03,6.96,0.7621,0.6167,99,High
USR-100389,2025-11-28,USA,Premium,Mobile,Email,Checkout,Variant B,5864,17842,41367,0.1418,0.2656,0.7491,0.5209,0.3729,0.7417,25.67,3.99,0.7049,0.7955,63,Medium
USR-100390,2025-11-24,Canada,Enterprise,Mobile,Organic,AI Assistant,Control,3663,10199,32313,0.1134,0.2481,0.7428,0.5062,0.3938,0.6927,10.42,6.4,0.5492,0.6231,63,Medium
USR-100391,2025-07-26,Germany,Premium,Desktop,Referral,Recommendations,Variant B,6411,13647,27817,0.2305,0.3368,0.7006,0.4558,0.364,0.656,25.17,7.5,0.7036,0.6001,28,Low
USR-100392,2025-07-18,Canada,Enterprise,Tablet,Referral,Checkout,Variant B,7035,9613,27059,0.26,0.264,0.7732,0.5709,0.4824,0.5925,57.86,2.5,0.4989,0.4907,68,Medium
USR-100393,2025-09-17,Germany,Free,Tablet,Email,AI Assistant,Control,3459,8244,25114,0.1377,0.2459,0.7029,0.5674,0.4697,0.649,57.86,0.97,0.7122,0.6307,62,Medium
USR-100394,2025-04-04,Canada,Enterprise,Desktop,Referral,Checkout,Variant A,6568,14067,24919,0.2636,0.1996,0.6755,0.4911,0.3438,0.7444,26.91,4.52,0.5366,0.629,53,Medium
USR-100395,2025-07-10,Germany,Free,Tablet,Social,AI Assistant,Control,3134,14727,38997,0.0804,0.3466,0.7822,0.5501,0.3948,0.7125,62.66,5.2,0.5155,0.6474,84,High
USR-100396,2025-11-14,Germany,Enterprise,Desktop,Referral,Search,Control,1583,11319,29068,0.0545,0.3643,0.6791,0.4231,0.3235,0.7091,73.77,4.11,0.5417,0.5928,89,High
USR-100397,2025-03-19,Germany,Free,Desktop,Paid Search,Search,Variant B,2125,7406,34863,0.061,0.319,0.8767,0.7193,0.5755,0.5265,37.97,4.2,0.5226,0.7052,77,High
USR-100398,2025-09-07,Germany,Premium,Mobile,Paid Search,AI Assistant,Control,3724,8621,34160,0.109,0.3057,0.6473,0.3836,0.2226,0.8557,26.77,7.52,0.5685,0.9046,32,Low
USR-100399,2025-03-23,Germany,Premium,Desktop,Referral,Recommendations,Variant B,5010,8452,21932,0.2284,0.2899,0.6848,0.4758,0.3599,0.7512,23.63,7.29,0.5328,0.8243,80,High
USR-100400,2025-01-03,UK,Enterprise,Mobile,Organic,Search,Control,1309,12054,30122,0.0435,0.2458,0.8354,0.6494,0.4759,0.5692,41.05,3.54,0.603,0.6307,72,Medium
USR-100401,2025-11-17,Canada,Free,Desktop,Social,AI Assistant,Variant A,7009,13085,32913,0.213,0.2509,0.7103,0.5094,0.4132,0.6726,21.85,2.33,0.4665,0.3767,69,Medium
USR-100402,2025-06-06,Germany,Enterprise,Tablet,Social,AI Assistant,Variant A,2368,5437,13433,0.1763,0.2245,0.8572,0.6335,0.5474,0.554,40.42,6.07,0.8056,0.4987,63,Medium
USR-100403,2025-06-22,Canada,Free,Desktop,Organic,Messaging,Variant A,4552,8744,36205,0.1257,0.1702,0.8294,0.6553,0.5626,0.4966,45.08,3.96,0.7832,0.7586,87,High
USR-100404,2025-04-25,India,Free,Mobile,Email,Search,Variant B,6956,11105,29945,0.2323,0.2706,0.8016,0.6263,0.466,0.608,39.73,3.85,0.5937,0.7006,27,Low
USR-100405,2025-07-12,USA,Enterprise,Mobile,Organic,Search,Variant B,6245,12435,20619,0.3029,0.2215,0.7136,0.5694,0.4461,0.6335,45.08,7.73,0.7917,0.5193,31,Low
USR-100406,2025-08-02,Germany,Enterprise,Mobile,Paid Search,Search,Variant A,4639,12869,25968,0.1786,0.2846,0.7742,0.6099,0.4358,0.5966,45.83,3.82,0.6019,0.5061,95,High
USR-100407,2025-06-04,India,Enterprise,Mobile,Referral,Search,Variant B,4447,8101,47199,0.0942,0.3917,0.7719,0.5022,0.355,0.7131,28.55,4.51,0.7693,0.4552,59,Medium
USR-100408,2025-09-19,Germany,Free,Tablet,Paid Search,Checkout,Control,6888,10816,34343,0.2006,0.2325,0.7312,0.5153,0.3451,0.7132,33.89,2.74,0.6361,0.7613,39,Low
USR-100409,2025-09-25,USA,Enterprise,Desktop,Paid Search,Recommendations,Control,2652,10516,42369,0.0626,0.3171,0.7064,0.4977,0.3351,0.748,44.53,7.49,0.6518,0.5653,62,Medium
USR-100410,2025-06-19,India,Enterprise,Desktop,Paid Search,Search,Control,2921,4965,10800,0.2705,0.3736,0.7933,0.638,0.4954,0.5818,57.61,6.14,0.4864,0.5998,36,Low
USR-100411,2025-09-19,UK,Premium,Desktop,Organic,Search,Variant A,1614,5273,27043,0.0597,0.2304,0.7541,0.5634,0.4671,0.5713,31.31,3.07,0.5998,0.4959,54,Medium
USR-100412,2025-03-31,USA,Free,Mobile,Organic,Messaging,Variant A,1323,8083,36690,0.0361,0.1135,0.8632,0.682,0.5181,0.5164,27.81,5.22,0.6201,0.4698,65,Medium
USR-100413,2025-12-06,India,Premium,Tablet,Organic,Checkout,Variant A,6301,11094,37633,0.1674,0.3107,0.7506,0.5413,0.3653,0.6596,40.45,2.93,0.5771,0.5998,70,Medium
USR-100414,2025-06-25,UK,Premium,Tablet,Referral,Recommendations,Variant A,2498,6363,37628,0.0664,0.2373,0.7269,0.5797,0.487,0.5453,15.07,5.4,0.6355,0.5997,76,High
USR-100415,2025-11-29,USA,Free,Mobile,Referral,AI Assistant,Variant B,7528,12260,24669,0.3052,0.2433,0.6793,0.4705,0.3828,0.6376,54.15,7.56,0.5858,0.1895,41,Low
USR-100416,2025-09-05,Germany,Premium,Tablet,Organic,Messaging,Variant B,7572,18893,52608,0.1439,0.2419,0.7361,0.5624,0.4647,0.5651,39.55,6.06,0.5367,0.7501,48,Low
USR-100417,2025-09-05,USA,Premium,Tablet,Email,Search,Control,4998,8848,40801,0.1225,0.1903,0.706,0.5705,0.4726,0.6272,45.16,8.49,0.6752,0.5728,81,High
USR-100418,2025-12-27,India,Enterprise,Tablet,Social,Search,Variant B,6553,17151,36830,0.1779,0.2508,0.7186,0.5426,0.3844,0.7349,45.04,4.61,0.5703,0.6693,68,Medium
USR-100419,2025-08-10,Germany,Free,Tablet,Social,Search,Variant B,6420,12492,49075,0.1308,0.1836,0.6379,0.3614,0.2633,0.8366,55.09,3.71,0.747,0.3179,69,Medium
USR-100420,2025-01-06,Canada,Free,Desktop,Email,Messaging,Variant A,6270,10841,48973,0.128,0.2817,0.7685,0.5099,0.4239,0.6653,34.5,3.38,0.4332,0.7456,85,High
USR-100421,2025-06-19,Germany,Premium,Mobile,Organic,Recommendations,Variant B,3278,6102,44324,0.074,0.2679,0.7404,0.5988,0.4513,0.6083,29.86,3.2,0.5942,0.8902,53,Medium
USR-100422,2025-08-16,Germany,Premium,Mobile,Referral,Search,Variant A,7563,18951,53317,0.1418,0.1684,0.6769,0.4619,0.3243,0.7118,73.98,2.89,0.4982,0.6308,36,Low
USR-100423,2025-02-22,USA,Free,Tablet,Social,Checkout,Variant B,4304,13059,20407,0.2109,0.3202,0.7026,0.4924,0.3863,0.7032,57.27,5.73,0.665,0.8,96,High
USR-100424,2025-09-18,USA,Free,Desktop,Email,AI Assistant,Variant A,5606,10995,45893,0.1222,0.2044,0.7379,0.5761,0.4542,0.6257,12.14,5.4,0.6099,0.5458,68,Medium
USR-100425,2025-11-14,USA,Enterprise,Mobile,Organic,Checkout,Control,5914,15665,44473,0.133,0.3097,0.6855,0.5617,0.4232,0.6909,36.42,2.99,0.6286,0.4665,82,High
USR-100426,2025-07-01,USA,Free,Mobile,Referral,Messaging,Variant B,7798,14581,53789,0.145,0.1505,0.8117,0.6083,0.4386,0.601,51.11,5.51,0.7102,0.6388,72,Medium
USR-100427,2025-07-29,Germany,Free,Desktop,Paid Search,Checkout,Control,1876,8042,25881,0.0725,0.3379,0.7137,0.4476,0.3104,0.7277,26.35,4.11,0.5448,0.4201,49,Low
USR-100428,2025-02-25,Germany,Premium,Tablet,Social,AI Assistant,Control,7202,15992,24039,0.2996,0.3662,0.8199,0.6317,0.4902,0.538,17.15,5.36,0.5525,0.3455,100,High
USR-100429,2025-03-10,Germany,Enterprise,Desktop,Social,Messaging,Variant B,5086,7157,46914,0.1084,0.3268,0.811,0.5632,0.3899,0.6321,70.25,2.68,0.7107,0.752,31,Low
USR-100430,2025-12-21,India,Enterprise,Desktop,Social,Recommendations,Variant A,5739,10584,23997,0.2392,0.2113,0.8004,0.5396,0.4547,0.5884,34.13,5.97,0.5721,0.5251,38,Low
USR-100431,2025-08-03,UK,Premium,Mobile,Paid Search,Recommendations,Variant A,5988,12055,34985,0.1712,0.26,0.809,0.581,0.4771,0.6187,27.08,7.04,0.502,0.5177,75,High
USR-100432,2025-11-05,India,Enterprise,Mobile,Paid Search,Messaging,Variant A,6734,17127,41716,0.1614,0.2617,0.7467,0.4772,0.3669,0.7313,48.64,6.99,0.6024,0.6425,95,High
USR-100433,2025-11-16,Canada,Enterprise,Tablet,Email,Search,Variant B,6852,13612,41241,0.1661,0.2791,0.6907,0.454,0.3165,0.7242,10.3,5.28,0.7618,0.4378,41,Low
USR-100434,2025-06-30,Germany,Free,Tablet,Organic,Search,Variant A,5606,15476,47835,0.1172,0.2183,0.7858,0.6009,0.494,0.5459,39.53,5.33,0.7173,0.4761,93,High
USR-100435,2025-07-15,Canada,Premium,Tablet,Email,Messaging,Variant A,2190,5059,13768,0.1591,0.1846,0.6706,0.5406,0.412,0.6189,26.65,3.31,0.6307,0.6119,50,Medium
USR-100436,2025-02-01,UK,Premium,Mobile,Social,AI Assistant,Control,6657,13492,31861,0.2089,0.2991,0.7141,0.4569,0.3004,0.7343,42.64,5.44,0.5192,0.7645,94,High
USR-100437,2025-04-25,UK,Enterprise,Tablet,Organic,Recommendations,Variant B,7081,18276,48762,0.1452,0.371,0.7405,0.5388,0.4468,0.6044,43.23,5.73,0.7054,0.3913,55,Medium
USR-100438,2025-07-18,UK,Free,Tablet,Referral,Messaging,Variant B,4412,11534,20059,0.22,0.2966,0.7754,0.5041,0.3928,0.7131,43.63,3.97,0.6776,0.7527,26,Low
USR-100439,2025-11-21,Germany,Free,Tablet,Organic,Messaging,Variant A,6772,14797,32672,0.2073,0.2877,0.718,0.571,0.4856,0.6061,54.68,5.06,0.5204,0.521,49,Low
USR-100440,2025-03-30,Germany,Premium,Tablet,Email,Messaging,Control,7021,17439,30260,0.232,0.2689,0.8138,0.6635,0.5115,0.5596,25.96,9.1,0.6403,0.6367,73,Medium
USR-100441,2025-03-24,Canada,Free,Mobile,Email,AI Assistant,Variant A,5784,11962,17331,0.3337,0.2303,0.7589,0.5047,0.3576,0.7321,50.21,4.66,0.5643,0.6299,67,Medium
USR-100442,2025-01-27,UK,Free,Tablet,Email,AI Assistant,Variant B,7337,14271,51419,0.1427,0.3067,0.7266,0.599,0.4229,0.665,18.6,6.55,0.6897,0.4706,98,High
USR-100443,2025-04-23,Germany,Enterprise,Tablet,Referral,Search,Control,2506,13035,22503,0.1114,0.2089,0.7218,0.6001,0.4657,0.6519,17.9,2.96,0.6325,0.2601,89,High
USR-100444,2025-06-28,UK,Free,Tablet,Social,Recommendations,Variant A,2812,8307,35057,0.0802,0.3106,0.7305,0.5296,0.3988,0.635,41.01,4.24,0.4857,0.8419,67,Medium
USR-100445,2025-10-15,Canada,Enterprise,Tablet,Social,Messaging,Variant A,7747,9891,22409,0.3457,0.33,0.7171,0.5658,0.4038,0.6811,21.2,1.26,0.6786,0.4558,69,Medium
USR-100446,2025-01-21,UK,Enterprise,Tablet,Email,Search,Variant A,6591,13849,43842,0.1503,0.1591,0.7487,0.5333,0.3537,0.7098,34.8,6.25,0.4973,0.5187,39,Low
USR-100447,2025-09-22,Germany,Free,Desktop,Paid Search,Checkout,Variant A,7734,15877,54582,0.1417,0.2839,0.7808,0.6339,0.5419,0.4849,42.5,5.49,0.5304,0.5528,90,High
USR-100448,2025-09-21,USA,Enterprise,Mobile,Paid Search,Messaging,Variant B,1674,5246,21216,0.0789,0.1511,0.7507,0.5707,0.4286,0.6633,36.51,4.43,0.5641,0.744,93,High
USR-100449,2025-12-17,Germany,Enterprise,Mobile,Paid Search,Search,Variant B,4475,8177,26649,0.1679,0.3552,0.7037,0.5023,0.3362,0.7704,41.88,5.16,0.6358,0.5783,93,High
USR-100450,2025-08-24,USA,Free,Desktop,Social,Search,Control,6872,14306,21788,0.3154,0.2193,0.7894,0.5833,0.4041,0.7017,42.04,4.24,0.4963,0.5024,36,Low
USR-100451,2025-10-22,Germany,Enterprise,Desktop,Referral,Checkout,Variant A,7730,13459,35409,0.2183,0.2337,0.8018,0.5494,0.4693,0.5815,27.05,3.91,0.4683,0.6507,77,High
USR-100452,2025-01-09,India,Free,Tablet,Organic,Checkout,Variant B,4190,8128,13514,0.31,0.1684,0.6663,0.4062,0.2357,0.8336,27.89,4.67,0.5255,0.4212,33,Low
USR-100453,2025-09-15,Germany,Premium,Desktop,Organic,Recommendations,Variant A,1869,8617,33366,0.056,0.214,0.7105,0.4652,0.373,0.7105,40.53,7.42,0.6569,0.5181,36,Low
USR-100454,2025-03-22,UK,Enterprise,Mobile,Email,Checkout,Variant B,5370,10972,24909,0.2156,0.2729,0.7256,0.6035,0.4723,0.6246,29.05,3.69,0.5418,0.3606,75,High
USR-100455,2025-01-06,USA,Enterprise,Tablet,Referral,AI Assistant,Control,5534,16628,30893,0.1791,0.3066,0.606,0.4604,0.3113,0.7255,38.49,1.85,0.6624,0.7016,40,Low
USR-100456,2025-10-08,Germany,Enterprise,Tablet,Paid Search,Messaging,Control,1697,8689,27455,0.0618,0.2103,0.7652,0.5577,0.469,0.5887,30.95,5.04,0.5993,0.6418,69,Medium
USR-100457,2025-04-05,India,Free,Tablet,Referral,AI Assistant,Control,2808,8948,26683,0.1052,0.2879,0.732,0.5894,0.433,0.5979,37.37,5.51,0.5564,0.7558,39,Low
USR-100458,2025-02-07,India,Premium,Desktop,Email,Messaging,Control,3381,6484,27913,0.1211,0.2012,0.7693,0.6259,0.4521,0.6597,41.91,6.67,0.51,0.4138,37,Low
USR-100459,2025-12-10,USA,Free,Desktop,Referral,Recommendations,Variant B,6369,12211,23767,0.268,0.1899,0.8192,0.6754,0.5358,0.5656,24.45,4.67,0.5609,0.4735,61,Medium
USR-100460,2025-06-18,UK,Premium,Desktop,Paid Search,Search,Variant B,6049,13057,28044,0.2157,0.3089,0.6577,0.4415,0.2919,0.7644,31.18,6.11,0.7228,0.5582,97,High
USR-100461,2025-06-10,Canada,Enterprise,Tablet,Email,Recommendations,Variant A,3016,8645,42226,0.0714,0.2436,0.7881,0.5587,0.4762,0.6128,32.88,4.94,0.4983,0.6687,60,Medium
USR-100462,2025-08-25,USA,Free,Tablet,Social,Search,Variant B,4648,12525,37544,0.1238,0.2238,0.7283,0.5848,0.475,0.554,23.14,5.12,0.6478,0.548,87,High
USR-100463,2025-05-24,USA,Enterprise,Mobile,Organic,AI Assistant,Variant B,7770,12063,29936,0.2596,0.2931,0.6916,0.4841,0.3157,0.7597,18.54,5.47,0.5222,0.3585,58,Medium
USR-100464,2025-11-20,USA,Enterprise,Desktop,Social,AI Assistant,Control,1255,12788,44338,0.0283,0.223,0.8115,0.5392,0.3854,0.6943,34.64,2.36,0.6695,0.4551,100,High
USR-100465,2025-08-30,India,Enterprise,Desktop,Paid Search,Recommendations,Control,6356,10791,39765,0.1598,0.2528,0.7872,0.6125,0.4363,0.6282,7.25,4.92,0.6214,0.7074,75,High
USR-100466,2025-09-14,USA,Enterprise,Mobile,Social,Messaging,Variant B,5181,8664,39667,0.1306,0.2946,0.775,0.6003,0.4769,0.6279,54.71,4.26,0.6228,0.6657,71,Medium
USR-100467,2025-09-21,India,Enterprise,Mobile,Referral,Checkout,Variant B,2149,11459,26893,0.0799,0.2992,0.7773,0.5221,0.4026,0.6225,61.37,3.6,0.7392,0.5317,47,Low
USR-100468,2025-01-21,UK,Free,Mobile,Paid Search,AI Assistant,Variant A,2792,12781,32968,0.0847,0.3263,0.6556,0.5058,0.3509,0.7237,28.84,3.62,0.6007,0.8297,33,Low
USR-100469,2025-07-04,UK,Free,Tablet,Social,Checkout,Control,4179,13874,48669,0.0859,0.2158,0.5847,0.321,0.1885,0.9022,33.15,2.46,0.589,0.5295,30,Low
USR-100470,2025-05-15,Germany,Premium,Tablet,Organic,AI Assistant,Variant B,5740,16658,33051,0.1737,0.308,0.7677,0.5596,0.4643,0.6285,59.26,6.32,0.4612,0.7096,73,Medium
USR-100471,2025-05-09,UK,Premium,Desktop,Social,Search,Variant A,4082,9733,48573,0.084,0.2314,0.7518,0.4882,0.3963,0.6565,43.31,7.29,0.5622,0.2215,76,High
USR-100472,2025-09-14,India,Enterprise,Desktop,Paid Search,Messaging,Control,2138,11345,27198,0.0786,0.2394,0.7948,0.5357,0.4469,0.6508,33.39,5.81,0.5133,0.5423,54,Medium
USR-100473,2025-04-06,UK,Enterprise,Mobile,Referral,Recommendations,Variant A,2289,10223,22977,0.0996,0.2757,0.8503,0.6286,0.529,0.5122,36.7,4.79,0.6993,0.608,54,Medium
USR-100474,2025-09-03,Canada,Free,Mobile,Social,AI Assistant,Control,2726,14405,29972,0.091,0.2234,0.8534,0.5809,0.429,0.684,14.35,5.53,0.5806,0.4743,77,High
USR-100475,2025-03-24,USA,Free,Desktop,Paid Search,AI Assistant,Control,2103,12502,20070,0.1048,0.3842,0.8152,0.5991,0.5025,0.5555,42.87,5.35,0.6385,0.6087,98,High
USR-100476,2025-07-27,Canada,Premium,Tablet,Referral,Recommendations,Control,5909,17143,23363,0.2529,0.2853,0.8268,0.6761,0.5294,0.5529,34.51,9.45,0.4454,0.6334,61,Medium
USR-100477,2025-03-29,India,Enterprise,Tablet,Email,Messaging,Control,2797,11527,25879,0.1081,0.1894,0.7454,0.4966,0.398,0.6305,64.93,3.88,0.4749,0.5093,99,High
USR-100478,2025-12-18,Germany,Free,Mobile,Organic,Messaging,Variant A,3807,13236,22747,0.1674,0.1612,0.7851,0.5158,0.3435,0.7267,54.57,3.74,0.6076,0.4981,54,Medium
USR-100479,2025-09-25,Germany,Enterprise,Tablet,Organic,AI Assistant,Control,5131,14008,28809,0.1781,0.2898,0.7261,0.6042,0.4689,0.6252,25.91,5.15,0.6114,0.6509,37,Low
USR-100480,2025-09-15,Canada,Enterprise,Tablet,Organic,Recommendations,Variant B,7163,11088,22195,0.3227,0.1917,0.7756,0.5782,0.4553,0.5722,27.99,4.16,0.736,0.5843,86,High
USR-100481,2025-09-25,Canada,Premium,Desktop,Email,AI Assistant,Variant A,4446,12514,20360,0.2184,0.2659,0.6995,0.5604,0.4768,0.5485,36.89,4.22,0.5715,0.6844,92,High
USR-100482,2025-12-23,Germany,Free,Mobile,Email,AI Assistant,Variant A,5719,9319,42203,0.1355,0.2341,0.7347,0.5428,0.405,0.6721,20.71,3.29,0.5879,0.4576,42,Low
USR-100483,2025-10-06,USA,Enterprise,Tablet,Organic,AI Assistant,Variant B,4347,10570,27957,0.1555,0.2709,0.7204,0.4458,0.2688,0.8377,60.38,6.56,0.679,0.3676,25,Low
USR-100484,2025-01-04,USA,Free,Desktop,Social,Checkout,Variant A,4072,9437,35139,0.1159,0.2024,0.5697,0.3285,0.2203,0.8315,50.23,5.15,0.6841,0.9106,77,High
USR-100485,2025-05-14,Germany,Free,Desktop,Social,AI Assistant,Variant B,5391,14330,43292,0.1245,0.2215,0.6662,0.4099,0.274,0.7975,36.54,5.87,0.551,0.6072,60,Medium
USR-100486,2025-09-05,India,Premium,Tablet,Referral,Messaging,Variant A,2464,10529,47232,0.0522,0.283,0.7517,0.5396,0.447,0.6312,30.98,7.63,0.6363,0.706,57,Medium
USR-100487,2025-12-04,Canada,Enterprise,Desktop,Email,AI Assistant,Control,1975,7739,42007,0.047,0.2725,0.7885,0.6475,0.5365,0.5037,40.65,5.71,0.5149,0.7381,45,Low
USR-100488,2025-11-11,USA,Free,Mobile,Referral,AI Assistant,Variant B,6710,9562,25096,0.2674,0.2886,0.6977,0.5018,0.3992,0.6825,36.7,4.78,0.5161,0.5643,74,Medium
USR-100489,2025-08-11,USA,Enterprise,Mobile,Referral,Recommendations,Variant A,1722,4771,27012,0.0637,0.2455,0.7183,0.4753,0.3527,0.7238,56.36,4.82,0.6788,0.592,53,Medium
USR-100490,2025-11-11,Germany,Premium,Mobile,Paid Search,AI Assistant,Control,6375,16911,40685,0.1567,0.317,0.7168,0.5754,0.4019,0.6932,40.34,5.91,0.6547,0.5539,32,Low
USR-100491,2025-05-27,Canada,Enterprise,Mobile,Organic,Checkout,Variant B,2595,5145,43604,0.0595,0.2144,0.6669,0.4348,0.2783,0.8346,46.34,4.2,0.5994,0.5908,91,High
USR-100492,2025-05-03,Germany,Premium,Tablet,Referral,Recommendations,Variant A,6365,8369,23687,0.2687,0.185,0.6933,0.5246,0.3463,0.738,54.97,4.36,0.6944,0.552,36,Low
USR-100493,2025-10-28,India,Premium,Tablet,Social,AI Assistant,Control,2640,13122,19129,0.138,0.2262,0.6743,0.4333,0.3139,0.7669,60.81,4.57,0.5906,0.2965,33,Low
USR-100494,2025-06-28,Germany,Enterprise,Mobile,Email,Messaging,Variant A,3846,10376,30206,0.1273,0.2373,0.6776,0.4936,0.4079,0.6704,61.58,6.9,0.7458,0.4779,49,Low
USR-100495,2025-07-28,UK,Free,Tablet,Email,AI Assistant,Variant A,5147,8891,18634,0.2762,0.2668,0.5828,0.4616,0.3124,0.7737,36.45,4.54,0.6055,0.6307,89,High
USR-100496,2025-10-22,Canada,Premium,Desktop,Referral,AI Assistant,Variant A,3049,12303,42015,0.0726,0.3046,0.7403,0.5055,0.3673,0.7325,36.17,7.08,0.4214,0.5028,97,High
USR-100497,2025-01-15,Canada,Enterprise,Tablet,Paid Search,Checkout,Variant A,4948,8852,30748,0.1609,0.2217,0.7379,0.5299,0.4082,0.6996,45.37,4.39,0.558,0.5926,33,Low
USR-100498,2025-07-31,UK,Free,Desktop,Email,Search,Control,3892,14354,19991,0.1947,0.2606,0.7688,0.6023,0.4754,0.6304,24.68,4.17,0.5786,0.4718,58,Medium
USR-100499,2025-10-11,India,Premium,Mobile,Paid Search,Recommendations,Control,2462,12269,37838,0.0651,0.2524,0.8305,0.6741,0.5775,0.4758,35.54,6.04,0.6093,0.626,70,Medium
USR-100500,2025-04-13,Canada,Free,Tablet,Email,Messaging,Control,2923,8888,31281,0.0934,0.3507,0.7194,0.442,0.357,0.6727,24.39,6.87,0.6022,0.4138,51,Medium
USR-100501,2025-02-24,USA,Premium,Desktop,Social,Checkout,Variant B,1982,5267,42554,0.0466,0.1946,0.8561,0.7318,0.5734,0.4477,43.54,5.65,0.7127,0.216,25,Low
USR-100502,2025-09-10,UK,Premium,Mobile,Social,Messaging,Variant B,5706,12207,49372,0.1156,0.1407,0.7102,0.4482,0.2788,0.7748,47.48,5.51,0.6109,0.6642,48,Low
USR-100503,2025-01-28,India,Premium,Desktop,Paid Search,Recommendations,Control,5306,14239,50586,0.1049,0.1729,0.7177,0.4443,0.35,0.728,24.2,3.55,0.6188,0.4861,94,High
USR-100504,2025-03-03,USA,Free,Tablet,Paid Search,Recommendations,Variant B,6720,17210,52361,0.1283,0.2847,0.5687,0.4073,0.2957,0.733,35.76,5.93,0.6778,0.602,65,Medium
USR-100505,2025-10-25,India,Premium,Mobile,Email,Recommendations,Control,1825,9156,37853,0.0482,0.244,0.7415,0.5803,0.4553,0.634,42.54,2.13,0.4186,0.7067,58,Medium
USR-100506,2025-11-10,Canada,Premium,Tablet,Email,Checkout,Variant A,3810,11805,28857,0.132,0.2597,0.8107,0.5942,0.4915,0.5829,40.1,8.48,0.7129,0.4885,88,High
USR-100507,2025-07-25,India,Enterprise,Mobile,Organic,Checkout,Control,3290,12674,29463,0.1117,0.2402,0.6721,0.4966,0.3734,0.7248,58.35,5.07,0.4626,0.7138,98,High
USR-100508,2025-05-01,Canada,Premium,Mobile,Paid Search,Recommendations,Control,5549,14630,44591,0.1244,0.2305,0.7819,0.626,0.4955,0.5506,5.0,6.21,0.6158,0.6507,50,Medium
USR-100509,2025-09-13,UK,Premium,Tablet,Social,Search,Variant A,2101,12571,52566,0.04,0.3129,0.7519,0.5386,0.3868,0.6704,36.72,3.69,0.6898,0.537,65,Medium
USR-100510,2025-07-23,Germany,Enterprise,Mobile,Referral,Checkout,Variant A,1810,6486,15420,0.1174,0.298,0.7225,0.4478,0.3235,0.7286,65.31,5.66,0.6852,0.445,52,Medium
USR-100511,2025-05-14,Germany,Free,Desktop,Social,Messaging,Control,3957,11860,33749,0.1172,0.1813,0.6667,0.4962,0.3671,0.685,29.62,3.56,0.6046,0.6346,69,Medium
USR-100512,2025-10-23,UK,Enterprise,Tablet,Referral,Recommendations,Variant A,5717,16538,32976,0.1734,0.3647,0.6493,0.372,0.2678,0.8203,48.64,7.8,0.631,0.4885,61,Medium
USR-100513,2025-02-10,UK,Premium,Tablet,Social,AI Assistant,Control,4121,10815,46207,0.0892,0.2673,0.7005,0.4622,0.3611,0.7431,17.22,4.85,0.7065,0.3509,43,Low
USR-100514,2025-07-27,Canada,Premium,Desktop,Email,Checkout,Variant A,7954,11122,21306,0.3733,0.2072,0.7476,0.5812,0.4773,0.5641,61.1,3.98,0.5632,0.3939,45,Low
USR-100515,2025-11-06,India,Enterprise,Desktop,Referral,Messaging,Variant A,6280,14759,37535,0.1673,0.2747,0.736,0.4633,0.3033,0.7409,35.24,4.41,0.6135,0.3181,81,High
USR-100516,2025-04-05,UK,Enterprise,Tablet,Organic,Messaging,Variant B,7997,10375,23569,0.3393,0.2847,0.763,0.5078,0.3918,0.6969,32.45,4.91,0.4723,0.4426,55,Medium
USR-100517,2025-03-27,India,Free,Mobile,Referral,AI Assistant,Variant A,4252,7939,19201,0.2214,0.3123,0.7856,0.6169,0.4557,0.5937,61.79,4.52,0.6645,0.4069,33,Low
USR-100518,2025-02-12,Germany,Premium,Mobile,Paid Search,Checkout,Variant B,1851,8151,23327,0.0794,0.2977,0.752,0.607,0.4518,0.625,35.19,2.2,0.6789,0.3094,35,Low
USR-100519,2025-08-15,USA,Free,Tablet,Email,Checkout,Control,6132,10203,23806,0.2576,0.2685,0.7973,0.5762,0.4443,0.5808,37.34,2.51,0.5348,0.4959,92,High
USR-100520,2025-09-01,Canada,Enterprise,Tablet,Paid Search,AI Assistant,Variant A,4827,15683,38535,0.1253,0.1582,0.7428,0.5815,0.4551,0.5782,29.56,5.74,0.662,0.6673,95,High
USR-100521,2025-11-02,India,Premium,Desktop,Referral,AI Assistant,Variant B,4740,15980,49486,0.0958,0.2395,0.7571,0.5341,0.3707,0.707,29.65,8.77,0.5679,0.5849,92,High
USR-100522,2025-04-27,Germany,Premium,Mobile,Email,Search,Variant A,7592,11059,45016,0.1687,0.2264,0.7534,0.5638,0.4545,0.62,43.65,3.89,0.57,0.6458,64,Medium
USR-100523,2025-01-01,India,Free,Tablet,Referral,Recommendations,Variant A,5287,9520,37056,0.1427,0.2639,0.8032,0.6084,0.5177,0.5673,40.2,5.5,0.5567,0.6097,61,Medium
USR-100524,2025-06-03,India,Premium,Mobile,Referral,AI Assistant,Control,1074,10126,34322,0.0313,0.2296,0.7157,0.5541,0.4356,0.6787,53.71,5.83,0.5601,0.6308,54,Medium
USR-100525,2025-08-12,Canada,Premium,Mobile,Referral,Messaging,Variant A,4233,10327,26027,0.1626,0.2149,0.7968,0.5745,0.4604,0.6594,25.39,3.56,0.6964,0.7214,74,Medium
USR-100526,2025-09-22,Germany,Free,Mobile,Paid Search,Messaging,Variant A,7263,13717,37373,0.1943,0.2844,0.8043,0.5807,0.4879,0.5971,30.42,5.08,0.6965,0.5115,93,High
USR-100527,2025-05-29,India,Premium,Mobile,Email,Search,Variant B,1904,11364,46036,0.0414,0.2414,0.8509,0.7221,0.5994,0.4675,40.81,6.24,0.631,0.2876,59,Medium
USR-100528,2025-03-19,UK,Premium,Mobile,Referral,Search,Control,1406,12170,18620,0.0755,0.2425,0.6069,0.4301,0.2818,0.8044,24.12,6.77,0.5491,0.5238,48,Low
USR-100529,2025-04-30,UK,Premium,Desktop,Referral,Checkout,Control,1738,6206,12171,0.1428,0.2439,0.7465,0.5309,0.3639,0.7452,13.06,1.41,0.6281,0.4958,88,High
USR-100530,2025-08-26,USA,Premium,Desktop,Organic,AI Assistant,Control,6709,9228,35871,0.187,0.2323,0.7818,0.5944,0.4305,0.6772,42.35,2.52,0.593,0.7568,35,Low
USR-100531,2025-08-29,USA,Enterprise,Mobile,Referral,Recommendations,Control,2487,7635,29024,0.0857,0.2898,0.6186,0.484,0.3283,0.7499,31.07,4.35,0.702,0.6245,73,Medium
USR-100532,2025-05-07,USA,Enterprise,Tablet,Paid Search,Recommendations,Variant B,7042,9591,27644,0.2547,0.3234,0.7573,0.585,0.47,0.6096,48.46,7.58,0.7346,0.6581,83,High
USR-100533,2025-07-19,USA,Enterprise,Tablet,Social,Search,Variant B,6582,13695,39867,0.1651,0.2071,0.7778,0.6014,0.5088,0.5242,49.9,5.91,0.6186,0.6381,45,Low
USR-100534,2025-05-10,Canada,Free,Mobile,Referral,Checkout,Control,4942,11837,29860,0.1655,0.2762,0.817,0.5981,0.44,0.6503,46.93,5.96,0.6819,0.3747,71,Medium
USR-100535,2025-01-08,USA,Free,Tablet,Referral,AI Assistant,Control,2371,8894,21735,0.1091,0.27,0.7351,0.6098,0.4718,0.5649,26.17,6.14,0.6073,0.3408,75,High
USR-100536,2025-03-21,USA,Enterprise,Tablet,Email,Search,Variant A,4042,7508,28808,0.1403,0.281,0.7053,0.5052,0.334,0.7007,20.69,6.35,0.6477,0.4476,45,Low
USR-100537,2025-01-31,Canada,Premium,Tablet,Email,Recommendations,Variant A,3912,8433,20471,0.1911,0.3333,0.7724,0.6029,0.4781,0.5824,24.58,2.9,0.4833,0.6419,41,Low
USR-100538,2025-04-09,USA,Premium,Tablet,Referral,AI Assistant,Variant A,1174,9363,37835,0.031,0.2493,0.7628,0.4995,0.4092,0.6765,37.31,6.03,0.6221,0.637,42,Low
USR-100539,2025-05-31,India,Premium,Desktop,Referral,Checkout,Control,5446,15475,32912,0.1655,0.2136,0.7046,0.536,0.4467,0.5877,35.51,3.65,0.5766,0.6316,97,High
USR-100540,2025-11-03,Germany,Premium,Desktop,Social,Checkout,Control,5542,10169,19682,0.2816,0.2774,0.6861,0.5346,0.4448,0.5919,56.85,3.06,0.7678,0.6423,92,High
USR-100541,2025-08-21,India,Premium,Tablet,Paid Search,Checkout,Control,1005,11294,41134,0.0244,0.3117,0.828,0.6654,0.5815,0.4841,40.35,6.81,0.6501,0.4482,48,Low
USR-100542,2025-02-02,Germany,Enterprise,Mobile,Social,Checkout,Variant B,6392,17222,47616,0.1342,0.2971,0.7017,0.5646,0.4065,0.7045,59.33,2.88,0.4722,0.29,49,Low
USR-100543,2025-06-15,USA,Free,Mobile,Paid Search,Search,Variant B,4357,11633,23872,0.1825,0.3135,0.6936,0.4238,0.2497,0.7878,43.18,6.19,0.602,0.5714,37,Low
USR-100544,2025-04-14,India,Enterprise,Desktop,Referral,AI Assistant,Control,1876,11828,29385,0.0638,0.2805,0.7261,0.5048,0.3527,0.693,58.3,2.78,0.6323,0.5343,37,Low
USR-100545,2025-11-16,Canada,Enterprise,Tablet,Organic,Search,Variant A,6745,18416,40189,0.1678,0.295,0.667,0.4822,0.3426,0.6881,49.09,4.23,0.6782,0.3956,31,Low
USR-100546,2025-04-17,USA,Premium,Tablet,Referral,Checkout,Variant B,6371,16422,26662,0.239,0.3326,0.7408,0.5991,0.4214,0.695,30.91,3.76,0.5872,0.5052,84,High
USR-100547,2025-12-29,USA,Premium,Mobile,Paid Search,AI Assistant,Variant B,1477,7832,47501,0.0311,0.2376,0.8099,0.6758,0.5616,0.5565,21.52,8.29,0.5647,0.7047,30,Low
USR-100548,2025-02-19,Canada,Enterprise,Tablet,Paid Search,AI Assistant,Control,1829,7613,47455,0.0385,0.2705,0.6809,0.4123,0.2826,0.8217,62.87,4.42,0.5484,0.6621,74,Medium
USR-100549,2025-11-17,India,Premium,Tablet,Referral,Recommendations,Variant B,2465,13614,45823,0.0538,0.3282,0.6573,0.526,0.4098,0.6637,37.89,5.47,0.5878,0.7737,38,Low
USR-100550,2025-02-23,Canada,Enterprise,Tablet,Referral,Checkout,Variant A,2366,7321,38637,0.0612,0.2811,0.8186,0.5567,0.4356,0.6448,21.71,8.31,0.5513,0.4795,89,High
USR-100551,2025-06-11,Germany,Enterprise,Desktop,Social,Messaging,Variant B,5506,12825,42186,0.1305,0.2162,0.8089,0.6079,0.5116,0.6044,58.19,4.33,0.6145,0.5336,77,High
USR-100552,2025-10-16,UK,Premium,Desktop,Referral,Recommendations,Variant B,5469,10973,40553,0.1349,0.3173,0.5697,0.4485,0.3262,0.7656,61.34,4.5,0.6637,0.4941,95,High
USR-100553,2025-01-01,Canada,Premium,Mobile,Email,Messaging,Variant B,6949,9516,33159,0.2096,0.1922,0.7649,0.607,0.4642,0.6388,16.37,4.28,0.6409,0.7057,27,Low
USR-100554,2025-04-20,India,Enterprise,Tablet,Paid Search,Search,Variant B,3579,5934,29019,0.1233,0.226,0.5651,0.4124,0.2697,0.7862,37.9,5.5,0.8315,0.491,95,High
USR-100555,2025-01-20,UK,Enterprise,Mobile,Paid Search,Checkout,Variant A,4771,12598,27828,0.1714,0.3474,0.7166,0.5028,0.3736,0.6656,15.37,4.81,0.5901,0.674,42,Low
USR-100556,2025-06-03,USA,Enterprise,Desktop,Referral,Messaging,Control,1752,13098,44299,0.0395,0.2623,0.7774,0.5564,0.4221,0.6108,26.81,4.78,0.5372,0.8961,97,High
USR-100557,2025-09-07,India,Premium,Mobile,Organic,Checkout,Control,7764,19204,30453,0.255,0.2254,0.7813,0.635,0.5144,0.5983,29.02,8.03,0.5415,0.5853,63,Medium
USR-100558,2025-06-28,India,Free,Tablet,Referral,Search,Control,7694,16809,49106,0.1567,0.2926,0.6421,0.5046,0.328,0.7095,20.39,6.44,0.6845,0.6898,40,Low
USR-100559,2025-06-06,Canada,Premium,Tablet,Paid Search,Messaging,Variant B,5295,7969,33895,0.1562,0.3116,0.8338,0.571,0.4831,0.57,58.59,4.01,0.527,0.6798,94,High
USR-100560,2025-01-26,USA,Free,Desktop,Email,Recommendations,Variant B,6518,14954,49157,0.1326,0.2202,0.683,0.4972,0.3938,0.6282,20.2,3.08,0.5865,0.6206,98,High
USR-100561,2025-03-17,USA,Enterprise,Desktop,Email,Search,Variant B,2082,9589,19998,0.1041,0.2817,0.7095,0.4909,0.4064,0.6759,24.1,2.74,0.6633,0.6667,85,High
USR-100562,2025-07-24,India,Free,Desktop,Referral,AI Assistant,Variant A,5110,14228,27772,0.184,0.2889,0.7323,0.5473,0.3901,0.6783,44.86,6.13,0.6553,0.4967,42,Low
USR-100563,2025-04-11,UK,Premium,Desktop,Social,Search,Control,5597,16186,37323,0.15,0.2368,0.7862,0.5138,0.4288,0.6062,71.44,7.21,0.6678,0.5968,56,Medium
USR-100564,2025-02-27,Canada,Premium,Desktop,Social,Search,Variant A,6502,15278,48035,0.1354,0.3104,0.7711,0.649,0.5148,0.5512,26.94,5.2,0.6128,0.8795,71,Medium
USR-100565,2025-06-06,USA,Free,Mobile,Email,Messaging,Variant A,2386,10115,44095,0.0541,0.2556,0.8353,0.6914,0.5466,0.4906,42.07,6.83,0.5467,0.5851,43,Low
USR-100566,2025-02-13,USA,Premium,Tablet,Organic,Checkout,Variant A,1920,4813,25741,0.0746,0.1917,0.7821,0.5335,0.3717,0.7462,5.0,5.42,0.5657,0.6373,43,Low
USR-100567,2025-08-19,India,Free,Mobile,Social,AI Assistant,Variant B,4859,7231,33980,0.143,0.3599,0.8617,0.7274,0.6056,0.4997,34.7,4.51,0.5672,0.6242,51,Medium
USR-100568,2025-05-13,India,Enterprise,Tablet,Organic,Checkout,Variant A,5495,15408,29671,0.1852,0.1851,0.8169,0.5707,0.4673,0.6166,48.94,3.56,0.6309,0.7335,27,Low
USR-100569,2025-03-29,Germany,Enterprise,Mobile,Organic,Recommendations,Control,1492,8145,26297,0.0567,0.25,0.6782,0.5325,0.3825,0.7134,38.21,3.54,0.6616,0.5829,59,Medium
USR-100570,2025-12-05,Germany,Free,Desktop,Social,Search,Variant A,3222,11123,23193,0.1389,0.144,0.787,0.5313,0.402,0.6652,54.92,5.14,0.5829,0.755,27,Low
USR-100571,2025-06-11,Canada,Enterprise,Desktop,Social,Search,Control,4970,16752,56588,0.0878,0.2549,0.6144,0.4028,0.299,0.8004,8.74,4.91,0.5888,0.52,36,Low
USR-100572,2025-01-21,Germany,Enterprise,Mobile,Organic,Checkout,Variant A,3026,13699,38682,0.0782,0.2543,0.7559,0.6089,0.4828,0.5679,37.27,4.97,0.782,0.855,67,Medium
USR-100573,2025-12-17,UK,Free,Tablet,Email,Recommendations,Variant B,3882,11704,36517,0.1063,0.2225,0.6174,0.3429,0.2252,0.8206,34.32,2.49,0.5509,0.6778,55,Medium
USR-100574,2025-01-16,Germany,Enterprise,Mobile,Organic,Recommendations,Variant A,5546,12136,31919,0.1738,0.3314,0.7148,0.5406,0.4042,0.6363,33.03,5.91,0.5827,0.7101,44,Low
USR-100575,2025-09-24,Canada,Premium,Desktop,Social,Checkout,Variant B,6554,12280,44630,0.1469,0.213,0.8095,0.5446,0.4519,0.586,26.16,5.18,0.605,0.6162,55,Medium
USR-100576,2025-08-18,India,Enterprise,Mobile,Paid Search,Checkout,Variant B,5441,9599,28149,0.1933,0.2642,0.7879,0.6247,0.4745,0.6114,32.7,5.45,0.614,0.8035,42,Low
USR-100577,2025-12-19,India,Free,Desktop,Organic,AI Assistant,Control,6776,17358,31221,0.217,0.2195,0.7121,0.5466,0.429,0.6666,26.71,5.33,0.6648,0.5588,80,High
USR-100578,2025-09-30,USA,Premium,Desktop,Referral,Checkout,Control,6893,10832,27899,0.2471,0.3183,0.7719,0.5773,0.4611,0.5697,42.14,5.87,0.6138,0.3882,65,Medium
USR-100579,2025-08-15,Canada,Free,Mobile,Social,AI Assistant,Control,7108,13593,28551,0.249,0.3769,0.7258,0.4544,0.3164,0.7576,50.19,6.81,0.6205,0.5588,49,Low
USR-100580,2025-05-17,USA,Premium,Mobile,Referral,Messaging,Control,5961,17251,37384,0.1595,0.2362,0.6904,0.5306,0.4134,0.6321,5.0,4.68,0.5673,0.6026,54,Medium
USR-100581,2025-09-15,Germany,Premium,Desktop,Paid Search,Messaging,Control,7931,19838,55558,0.1428,0.2622,0.8154,0.6111,0.4749,0.5622,29.49,3.48,0.5028,0.6448,72,Medium
USR-100582,2025-04-09,Germany,Free,Tablet,Paid Search,Messaging,Variant A,2853,5381,37158,0.0768,0.2259,0.7981,0.6564,0.5618,0.5279,54.89,6.24,0.6237,0.6386,26,Low
USR-100583,2025-02-03,Canada,Premium,Desktop,Organic,AI Assistant,Variant A,2450,11647,48755,0.0503,0.2367,0.7024,0.4476,0.3467,0.6806,27.2,7.94,0.6282,0.6754,66,Medium
USR-100584,2025-07-14,India,Enterprise,Tablet,Organic,AI Assistant,Variant B,6899,14025,44856,0.1538,0.2189,0.6668,0.4824,0.3973,0.6724,34.44,3.56,0.7067,0.4808,98,High
USR-100585,2025-02-25,India,Premium,Tablet,Organic,AI Assistant,Variant B,4699,14184,21963,0.214,0.2384,0.7627,0.5841,0.4668,0.5683,47.02,6.78,0.5703,0.407,56,Medium
USR-100586,2025-07-18,Germany,Premium,Desktop,Referral,Messaging,Variant A,5228,8035,25477,0.2052,0.2734,0.6906,0.5512,0.3726,0.7255,56.65,2.04,0.619,0.7085,62,Medium
USR-100587,2025-08-05,Germany,Free,Tablet,Social,Search,Variant A,3411,6304,45184,0.0755,0.2389,0.6721,0.4172,0.2728,0.8123,61.29,5.72,0.657,0.7921,43,Low
USR-100588,2025-04-03,UK,Premium,Mobile,Paid Search,Recommendations,Variant A,7379,18970,32837,0.2247,0.2824,0.7099,0.4747,0.3861,0.6803,30.97,3.49,0.6059,0.543,75,High
USR-100589,2025-10-30,UK,Enterprise,Tablet,Paid Search,Search,Variant A,6837,12145,46943,0.1456,0.3673,0.7937,0.5675,0.4039,0.6376,38.04,7.29,0.6886,0.37,36,Low
USR-100590,2025-02-16,Germany,Enterprise,Tablet,Social,Messaging,Variant B,1935,11297,40082,0.0483,0.2894,0.7277,0.5972,0.4623,0.6168,20.37,6.54,0.6919,0.5195,35,Low
USR-100591,2025-07-13,India,Enterprise,Mobile,Paid Search,Messaging,Variant A,5508,13743,21620,0.2548,0.2844,0.7126,0.5026,0.3464,0.745,42.58,2.84,0.5943,0.739,46,Low
USR-100592,2025-04-02,Germany,Premium,Tablet,Paid Search,Search,Variant A,7300,10140,42637,0.1712,0.2574,0.7702,0.6274,0.5085,0.6067,49.21,4.53,0.5839,0.7047,64,Medium
USR-100593,2025-03-09,Germany,Premium,Tablet,Organic,AI Assistant,Variant A,2661,4718,26305,0.1012,0.2711,0.7153,0.5455,0.3872,0.6771,59.4,5.06,0.5293,0.2671,26,Low
USR-100594,2025-09-10,Germany,Free,Tablet,Social,Search,Variant A,2948,8501,44677,0.066,0.1864,0.6576,0.4534,0.2925,0.7637,66.6,5.69,0.5359,0.436,83,High
USR-100595,2025-05-06,Canada,Free,Tablet,Email,Search,Control,5483,12039,30646,0.1789,0.2672,0.7569,0.5446,0.3998,0.6231,40.7,9.27,0.4421,0.6825,31,Low
USR-100596,2025-03-16,USA,Free,Desktop,Paid Search,Messaging,Control,7994,10525,35083,0.2279,0.2543,0.774,0.5793,0.494,0.5298,42.38,8.23,0.4796,0.5883,67,Medium
USR-100597,2025-12-11,India,Premium,Mobile,Organic,Checkout,Variant B,3329,15076,31703,0.105,0.2247,0.7713,0.6209,0.4948,0.5538,48.26,3.03,0.6939,0.6532,83,High
USR-100598,2025-06-15,USA,Premium,Desktop,Paid Search,Search,Variant B,4019,12227,21661,0.1855,0.2233,0.7315,0.5677,0.3897,0.6899,30.22,5.24,0.673,0.5994,79,High
USR-100599,2025-12-22,Canada,Enterprise,Mobile,Social,Search,Variant B,3248,10641,50181,0.0647,0.2621,0.7697,0.5764,0.4019,0.6855,37.19,3.95,0.5951,0.3401,77,High
USR-100600,2025-02-25,India,Enterprise,Desktop,Referral,AI Assistant,Variant B,5680,16346,27091,0.2097,0.3739,0.6659,0.4888,0.3924,0.678,44.87,6.88,0.6507,0.5517,86,High
USR-100601,2025-06-12,India,Premium,Tablet,Referral,Recommendations,Variant B,3127,13735,41925,0.0746,0.2716,0.7941,0.5893,0.5065,0.5382,68.59,4.03,0.7399,0.6375,41,Low
USR-100602,2025-04-03,USA,Free,Desktop,Organic,Messaging,Control,5992,11804,35841,0.1672,0.285,0.6385,0.5044,0.383,0.712,37.79,2.14,0.5569,0.2941,49,Low
USR-100603,2025-11-12,India,Enterprise,Mobile,Organic,Messaging,Variant A,4396,13179,21160,0.2078,0.2815,0.7899,0.5287,0.4283,0.679,20.97,3.29,0.6667,0.5829,67,Medium
USR-100604,2025-12-20,India,Enterprise,Desktop,Organic,Search,Variant A,3307,9475,18920,0.1748,0.2531,0.7146,0.4575,0.3379,0.702,11.37,3.08,0.6214,0.614,64,Medium
USR-100605,2025-12-18,USA,Free,Mobile,Email,Checkout,Variant B,3730,11322,42277,0.0882,0.2753,0.7402,0.5458,0.46,0.5862,21.5,4.83,0.6588,0.3467,97,High
USR-100606,2025-12-11,Canada,Enterprise,Desktop,Social,Checkout,Variant A,4924,14698,22028,0.2235,0.27,0.746,0.4849,0.3534,0.7441,62.39,8.69,0.4713,0.6132,42,Low
USR-100607,2025-08-25,India,Enterprise,Tablet,Email,AI Assistant,Variant A,7422,16204,24875,0.2984,0.2643,0.7146,0.5083,0.3314,0.737,39.18,3.99,0.4643,0.4741,91,High
USR-100608,2025-10-02,Canada,Premium,Mobile,Email,Recommendations,Control,1153,6565,33304,0.0346,0.1904,0.8422,0.7156,0.6009,0.4456,42.38,5.42,0.6745,0.4899,70,Medium
USR-100609,2025-11-17,USA,Premium,Tablet,Email,Search,Variant B,5376,10095,40625,0.1323,0.2629,0.6997,0.5684,0.395,0.7016,52.4,6.05,0.6299,0.5917,48,Low
USR-100610,2025-05-20,Germany,Premium,Mobile,Social,Checkout,Variant A,4390,7812,45386,0.0967,0.28,0.7521,0.5494,0.4577,0.6151,41.45,3.51,0.7971,0.5299,55,Medium
USR-100611,2025-03-31,Germany,Enterprise,Mobile,Referral,AI Assistant,Control,1919,10050,17500,0.1097,0.2923,0.7393,0.5579,0.4355,0.656,15.85,6.59,0.4996,0.5146,50,Medium
USR-100612,2025-03-20,UK,Free,Mobile,Social,Messaging,Variant A,2558,10130,46814,0.0546,0.2471,0.7358,0.5803,0.4223,0.6178,37.29,3.79,0.6571,0.68,92,High
USR-100613,2025-04-16,India,Free,Mobile,Email,Search,Variant B,6935,9533,44638,0.1554,0.2431,0.7483,0.503,0.3384,0.7615,15.85,5.29,0.6484,0.6893,74,Medium
USR-100614,2025-12-18,USA,Free,Tablet,Email,Search,Variant A,7947,19683,30389,0.2615,0.2254,0.7005,0.4537,0.355,0.6717,32.05,7.0,0.6253,0.7598,67,Medium
USR-100615,2025-10-23,Canada,Premium,Desktop,Social,Checkout,Control,7213,14327,33079,0.2181,0.2999,0.6694,0.4073,0.2813,0.7994,45.25,4.3,0.5405,0.5784,66,Medium
USR-100616,2025-08-14,UK,Free,Mobile,Social,AI Assistant,Control,6497,10424,33292,0.1952,0.2669,0.9151,0.772,0.6478,0.4056,73.72,6.31,0.5395,0.7906,44,Low
USR-100617,2025-09-21,UK,Free,Tablet,Email,AI Assistant,Variant A,1838,7222,35180,0.0522,0.2104,0.7068,0.4945,0.399,0.6566,45.7,8.26,0.5059,0.302,95,High
USR-100618,2025-05-06,Germany,Free,Mobile,Organic,Recommendations,Variant B,2403,5570,30976,0.0776,0.2538,0.7409,0.6083,0.4402,0.5876,44.44,5.59,0.547,0.3708,68,Medium
USR-100619,2025-12-12,Germany,Premium,Mobile,Social,AI Assistant,Control,1413,5148,35287,0.04,0.3096,0.7507,0.48,0.326,0.7027,25.15,8.14,0.5592,0.5738,31,Low
USR-100620,2025-11-19,Canada,Enterprise,Tablet,Social,Search,Variant A,7849,17153,45459,0.1727,0.2878,0.7045,0.5119,0.4017,0.6567,44.1,6.25,0.5631,0.5277,64,Medium
USR-100621,2025-08-27,Germany,Premium,Tablet,Referral,Recommendations,Control,5651,9810,20899,0.2704,0.2732,0.7307,0.5176,0.3843,0.6953,54.24,4.34,0.5279,0.5893,84,High
USR-100622,2025-04-29,Canada,Enterprise,Tablet,Email,Checkout,Variant A,2833,7187,29098,0.0974,0.2654,0.6753,0.4054,0.2946,0.8124,27.16,6.58,0.5425,0.6764,71,Medium
USR-100623,2025-08-21,UK,Premium,Desktop,Paid Search,Checkout,Control,4993,7488,16771,0.2977,0.2615,0.6002,0.3641,0.2728,0.7878,79.1,3.38,0.5757,0.6424,85,High
USR-100624,2025-06-28,Germany,Enterprise,Mobile,Email,AI Assistant,Control,5951,17366,30714,0.1938,0.29,0.7975,0.5886,0.4386,0.6226,43.58,3.72,0.787,0.6387,90,High
USR-100625,2025-11-29,India,Premium,Mobile,Social,Messaging,Variant A,1581,8530,48444,0.0326,0.2938,0.7238,0.5098,0.4213,0.6437,48.51,6.31,0.6878,0.578,84,High
USR-100626,2025-10-08,Canada,Enterprise,Tablet,Referral,Recommendations,Variant A,2302,12205,42358,0.0543,0.23,0.6465,0.3827,0.2131,0.8755,32.39,6.59,0.5662,0.4787,33,Low
USR-100627,2025-10-18,USA,Enterprise,Tablet,Social,Recommendations,Variant B,7449,15055,35531,0.2096,0.1836,0.7098,0.5385,0.445,0.6046,15.22,8.64,0.7102,0.4631,47,Low
USR-100628,2025-02-28,USA,Premium,Mobile,Email,Recommendations,Variant B,5851,17617,52954,0.1105,0.2736,0.765,0.5919,0.4375,0.5977,32.92,3.72,0.5616,0.6901,66,Medium
USR-100629,2025-02-05,USA,Free,Mobile,Paid Search,AI Assistant,Variant A,5900,9681,39513,0.1493,0.2781,0.7981,0.6376,0.5021,0.5707,21.2,6.39,0.5772,0.6975,66,Medium
USR-100630,2025-11-22,India,Premium,Desktop,Social,AI Assistant,Variant A,7634,9637,24252,0.3148,0.1865,0.6642,0.4572,0.3699,0.7291,47.48,3.36,0.6322,0.7836,44,Low
USR-100631,2025-08-17,UK,Premium,Tablet,Email,Search,Variant B,2602,7971,33719,0.0772,0.3011,0.8135,0.6366,0.4757,0.5738,60.03,5.98,0.4903,0.4423,63,Medium
USR-100632,2025-10-26,USA,Premium,Tablet,Organic,Search,Variant A,1066,11428,42917,0.0248,0.3261,0.7299,0.4611,0.3266,0.7595,48.7,3.53,0.6327,0.6186,41,Low
USR-100633,2025-12-27,Canada,Premium,Tablet,Social,Recommendations,Control,5587,13472,25661,0.2177,0.2189,0.7298,0.5398,0.4367,0.6124,34.19,7.3,0.5456,0.6083,61,Medium
USR-100634,2025-11-17,India,Free,Tablet,Paid Search,Recommendations,Variant A,3606,11877,43486,0.0829,0.2272,0.7244,0.4506,0.2899,0.7761,24.22,4.43,0.6624,0.594,73,Medium
USR-100635,2025-03-13,Canada,Premium,Tablet,Paid Search,Messaging,Variant A,2541,13641,43845,0.058,0.2688,0.6821,0.4242,0.2965,0.823,30.75,5.57,0.648,0.318,71,Medium
USR-100636,2025-01-06,Germany,Free,Mobile,Paid Search,Recommendations,Variant B,1587,3844,18280,0.0868,0.2331,0.7247,0.6045,0.4795,0.6242,23.92,3.54,0.5862,0.5349,87,High
USR-100637,2025-08-22,India,Premium,Tablet,Referral,Recommendations,Variant A,7462,19364,52262,0.1428,0.3056,0.6999,0.435,0.2575,0.7857,33.14,6.51,0.5257,0.6442,48,Low
USR-100638,2025-07-01,Germany,Enterprise,Mobile,Social,Checkout,Variant B,2849,7893,40730,0.0699,0.1749,0.7063,0.4684,0.3431,0.7758,35.78,4.37,0.6596,0.1,25,Low
USR-100639,2025-07-30,India,Premium,Tablet,Email,Search,Control,5474,16916,45965,0.1191,0.3168,0.6852,0.4252,0.2513,0.8492,40.35,7.18,0.5668,0.7142,29,Low
USR-100640,2025-10-25,Germany,Enterprise,Mobile,Social,AI Assistant,Variant A,4944,8255,22566,0.2191,0.1784,0.6857,0.4909,0.3823,0.7339,29.2,4.7,0.5548,0.5863,92,High
USR-100641,2025-02-15,UK,Enterprise,Mobile,Email,AI Assistant,Variant B,3008,12748,22865,0.1316,0.2482,0.7203,0.526,0.4027,0.6973,31.16,7.9,0.5106,0.4112,94,High
USR-100642,2025-01-06,UK,Premium,Desktop,Email,Checkout,Variant B,4840,14278,52875,0.0915,0.2052,0.7359,0.5782,0.4049,0.7011,35.8,8.35,0.6457,0.5829,85,High
USR-100643,2025-03-27,USA,Enterprise,Desktop,Social,Messaging,Variant A,1289,13080,38007,0.0339,0.2338,0.7723,0.6181,0.4705,0.59,49.79,5.24,0.7181,0.3531,97,High
USR-100644,2025-10-21,USA,Free,Tablet,Organic,Checkout,Variant A,1422,8202,14991,0.0949,0.1935,0.6093,0.3935,0.3063,0.7364,53.29,2.69,0.6465,0.5424,61,Medium
USR-100645,2025-05-10,USA,Enterprise,Mobile,Social,Messaging,Control,2085,8688,31724,0.0657,0.2285,0.7518,0.4864,0.3106,0.7172,11.5,5.73,0.515,0.5204,57,Medium
USR-100646,2025-12-04,Canada,Premium,Mobile,Social,Search,Variant B,4658,12716,29210,0.1595,0.2867,0.7455,0.545,0.4567,0.6253,50.72,4.51,0.5033,0.5374,58,Medium
USR-100647,2025-06-25,Germany,Free,Tablet,Referral,Messaging,Variant A,1691,6067,21169,0.0799,0.2893,0.6995,0.537,0.3803,0.6603,32.65,1.84,0.5644,0.4031,88,High
USR-100648,2025-04-18,USA,Free,Desktop,Referral,Recommendations,Control,5732,13385,21945,0.2612,0.2617,0.6686,0.4749,0.3048,0.8082,35.61,1.11,0.4935,0.5168,58,Medium
USR-100649,2025-06-04,Germany,Premium,Desktop,Paid Search,AI Assistant,Variant B,4901,15625,35938,0.1364,0.1943,0.7876,0.6592,0.5561,0.5441,37.2,7.21,0.6373,0.571,73,Medium
USR-100650,2025-08-11,UK,Enterprise,Tablet,Organic,Search,Variant B,1097,7828,42241,0.026,0.2299,0.702,0.5353,0.438,0.6199,41.01,6.5,0.6644,0.5593,73,Medium
USR-100651,2025-09-30,UK,Premium,Mobile,Email,AI Assistant,Variant A,6221,14018,47315,0.1315,0.36,0.8084,0.6821,0.5618,0.5231,51.66,7.58,0.5597,0.5384,59,Medium
USR-100652,2025-07-20,Canada,Premium,Tablet,Organic,Search,Variant A,4777,10738,28512,0.1675,0.2082,0.7278,0.4562,0.3287,0.723,37.83,7.9,0.6866,0.4926,91,High
USR-100653,2025-02-04,Germany,Premium,Mobile,Email,Checkout,Control,1097,9834,21236,0.0517,0.2795,0.7896,0.6621,0.5255,0.5708,32.77,4.35,0.5964,0.8255,92,High
USR-100654,2025-04-09,Canada,Enterprise,Tablet,Organic,Search,Variant B,1278,3666,14691,0.087,0.2508,0.7388,0.4877,0.3717,0.7024,54.58,6.96,0.6133,0.6697,32,Low
USR-100655,2025-02-14,USA,Enterprise,Mobile,Email,Checkout,Control,5953,10081,39719,0.1499,0.2864,0.733,0.5103,0.4005,0.6321,32.25,6.94,0.5797,0.8924,97,High
USR-100656,2025-08-28,UK,Premium,Mobile,Organic,Checkout,Variant A,6410,9650,44366,0.1445,0.2815,0.6635,0.5338,0.4125,0.6622,60.14,4.51,0.6509,0.6728,60,Medium
USR-100657,2025-02-01,UK,Free,Desktop,Organic,Recommendations,Variant A,4135,12501,39301,0.1052,0.2968,0.7437,0.4901,0.3258,0.7245,23.28,0.9,0.5918,0.5587,32,Low
USR-100658,2025-04-13,Canada,Enterprise,Desktop,Paid Search,AI Assistant,Control,5999,14431,31125,0.1927,0.2668,0.7837,0.557,0.3858,0.6688,32.12,5.39,0.6453,0.5174,87,High
USR-100659,2025-11-26,USA,Free,Tablet,Email,Recommendations,Control,1870,11104,33077,0.0565,0.2257,0.8134,0.6331,0.4997,0.5203,27.56,4.08,0.6703,0.4878,38,Low
USR-100660,2025-01-10,Germany,Premium,Mobile,Email,Recommendations,Variant B,5077,9515,14571,0.3484,0.2172,0.7033,0.5026,0.336,0.7081,34.92,4.1,0.6365,0.8227,29,Low
USR-100661,2025-10-22,Germany,Enterprise,Mobile,Social,Messaging,Variant A,1030,11474,48631,0.0212,0.2831,0.8181,0.6192,0.5352,0.5832,23.22,4.6,0.5114,0.7229,86,High
USR-100662,2025-01-02,UK,Premium,Tablet,Email,Recommendations,Variant B,4149,14047,26990,0.1537,0.3445,0.8402,0.6489,0.4853,0.5612,61.78,1.27,0.7001,0.6773,97,High
USR-100663,2025-01-29,USA,Premium,Desktop,Paid Search,Messaging,Variant A,6179,9664,38607,0.16,0.342,0.6691,0.525,0.3517,0.7066,37.11,2.73,0.616,0.7373,93,High
USR-100664,2025-10-11,Germany,Free,Tablet,Email,Recommendations,Variant B,1322,9616,27133,0.0487,0.2585,0.7865,0.588,0.496,0.6043,43.58,4.77,0.7714,0.6146,63,Medium
USR-100665,2025-02-13,Canada,Free,Tablet,Social,Messaging,Control,6183,15358,32774,0.1887,0.2377,0.7602,0.544,0.4606,0.6092,33.18,4.56,0.5316,0.2864,42,Low
USR-100666,2025-09-08,Germany,Free,Mobile,Email,Search,Variant B,4184,7216,32383,0.1292,0.2266,0.7516,0.551,0.4527,0.6247,49.76,8.66,0.5428,0.7625,88,High
USR-100667,2025-06-22,India,Premium,Tablet,Social,Messaging,Control,7453,10154,41729,0.1786,0.2409,0.8303,0.6328,0.488,0.5338,54.61,7.82,0.5657,0.5419,40,Low
USR-100668,2025-10-24,USA,Premium,Tablet,Organic,Messaging,Variant A,2908,6088,13504,0.2153,0.2223,0.763,0.5859,0.4467,0.6569,17.79,6.37,0.6489,0.5312,43,Low
USR-100669,2025-12-26,USA,Premium,Mobile,Referral,AI Assistant,Variant B,6314,10452,16393,0.3852,0.341,0.7029,0.436,0.3152,0.7239,50.58,5.26,0.6628,0.845,47,Low
USR-100670,2025-03-29,Germany,Enterprise,Tablet,Paid Search,Search,Control,7843,19526,28717,0.2731,0.3119,0.7456,0.56,0.4318,0.5952,24.89,3.19,0.6032,0.6061,38,Low
USR-100671,2025-04-14,India,Enterprise,Mobile,Email,Messaging,Control,4491,12018,43364,0.1036,0.3597,0.7127,0.5668,0.4382,0.6557,42.59,6.82,0.5451,0.635,66,Medium
USR-100672,2025-01-24,UK,Free,Desktop,Paid Search,Checkout,Control,5858,10699,37686,0.1554,0.223,0.7919,0.5225,0.3705,0.7249,33.85,2.71,0.7167,0.6673,33,Low
USR-100673,2025-10-11,Canada,Free,Tablet,Social,Recommendations,Control,2351,11538,32505,0.0723,0.244,0.7726,0.521,0.3892,0.677,48.65,2.24,0.5614,0.8152,99,High
USR-100674,2025-03-22,Canada,Free,Tablet,Social,Checkout,Control,1128,11106,21396,0.0527,0.3324,0.7963,0.5625,0.4773,0.6287,14.46,4.7,0.6015,0.3371,25,Low
USR-100675,2025-08-02,UK,Enterprise,Desktop,Referral,Messaging,Control,6681,16479,29795,0.2242,0.2463,0.7924,0.5524,0.4627,0.6049,38.1,2.69,0.571,0.3646,51,Medium
USR-100676,2025-03-31,USA,Enterprise,Desktop,Email,Recommendations,Variant B,6001,8617,25413,0.2361,0.2947,0.783,0.6265,0.4543,0.625,38.54,1.14,0.7044,0.8905,88,High
USR-100677,2025-01-03,USA,Enterprise,Desktop,Social,AI Assistant,Variant B,5568,11428,29004,0.192,0.3242,0.5277,0.3795,0.2182,0.856,43.04,4.35,0.5339,0.5287,40,Low
USR-100678,2025-04-23,USA,Free,Tablet,Referral,Recommendations,Control,4802,10211,33326,0.1441,0.2097,0.7429,0.4735,0.3751,0.6702,13.97,2.87,0.5931,0.7936,31,Low
USR-100679,2025-04-01,Canada,Premium,Desktop,Email,AI Assistant,Variant A,2308,5014,13554,0.1703,0.2332,0.6946,0.4931,0.3984,0.6828,61.95,6.09,0.578,0.4682,71,Medium
USR-100680,2025-08-21,Canada,Free,Desktop,Social,Search,Control,1354,5064,13501,0.1003,0.2548,0.7768,0.6553,0.5311,0.4935,9.73,6.13,0.7981,0.4972,93,High
USR-100681,2025-02-06,UK,Free,Mobile,Email,Messaging,Control,2927,12214,38576,0.0759,0.2787,0.7911,0.6017,0.4398,0.6708,39.22,3.44,0.6785,0.6397,78,High
USR-100682,2025-02-20,USA,Premium,Tablet,Referral,Search,Control,2942,11701,29805,0.0987,0.2797,0.7145,0.458,0.2866,0.7599,34.01,6.29,0.5598,0.591,73,Medium
USR-100683,2025-08-12,UK,Free,Desktop,Paid Search,Checkout,Variant A,2187,7728,42546,0.0514,0.1788,0.7178,0.5673,0.4203,0.5997,31.73,3.13,0.4333,0.5454,47,Low
USR-100684,2025-05-19,India,Free,Desktop,Paid Search,Search,Variant B,2656,10159,23495,0.113,0.2668,0.7368,0.5141,0.4318,0.6312,32.69,6.42,0.627,0.5299,29,Low
USR-100685,2025-08-27,UK,Enterprise,Mobile,Social,Messaging,Control,4756,13608,29827,0.1595,0.3247,0.857,0.7284,0.6344,0.4479,38.29,2.71,0.4685,0.635,68,Medium
USR-100686,2025-10-23,Germany,Free,Tablet,Referral,Recommendations,Variant B,5528,11291,21958,0.2518,0.2408,0.7521,0.6151,0.4858,0.5503,6.23,4.84,0.5378,0.6309,77,High
USR-100687,2025-05-23,Germany,Enterprise,Mobile,Social,Messaging,Variant A,1118,10132,31296,0.0357,0.1772,0.7093,0.4473,0.3632,0.7482,30.74,6.65,0.6124,0.6575,56,Medium
USR-100688,2025-10-21,India,Free,Desktop,Social,Recommendations,Variant A,1041,9885,17783,0.0585,0.2109,0.6557,0.5251,0.3462,0.6777,27.78,8.56,0.4854,0.95,30,Low
USR-100689,2025-09-03,USA,Enterprise,Mobile,Referral,Messaging,Control,7633,11238,45889,0.1663,0.2405,0.751,0.6,0.4985,0.5953,42.31,2.99,0.6462,0.5266,88,High
USR-100690,2025-03-09,Germany,Enterprise,Desktop,Paid Search,Recommendations,Control,3936,10782,31449,0.1252,0.2615,0.7819,0.6055,0.5021,0.5229,49.89,3.03,0.6643,0.5877,36,Low
USR-100691,2025-10-20,Canada,Enterprise,Desktop,Paid Search,Checkout,Variant A,7121,18683,25282,0.2817,0.3399,0.6887,0.4904,0.3591,0.6877,15.24,0.94,0.6338,0.6009,83,High
USR-100692,2025-11-17,UK,Enterprise,Mobile,Email,Recommendations,Variant B,4803,6825,16458,0.2918,0.2458,0.7336,0.5342,0.3998,0.637,43.3,6.38,0.763,0.2539,74,Medium
USR-100693,2025-05-19,UK,Enterprise,Mobile,Social,Checkout,Variant B,6718,17605,36180,0.1857,0.2566,0.8115,0.6318,0.5025,0.5754,53.45,7.65,0.6275,0.4537,35,Low
USR-100694,2025-01-27,USA,Premium,Desktop,Paid Search,AI Assistant,Variant B,1909,10183,39142,0.0488,0.1382,0.781,0.5668,0.4779,0.5852,63.68,6.22,0.5581,0.538,84,High
USR-100695,2025-12-27,Canada,Enterprise,Mobile,Referral,AI Assistant,Variant A,1548,12735,31151,0.0497,0.3531,0.6832,0.5592,0.3982,0.6755,34.69,5.0,0.5217,0.7031,42,Low
USR-100696,2025-12-26,India,Enterprise,Desktop,Email,Search,Variant A,2718,8411,34412,0.079,0.2692,0.7148,0.5032,0.3827,0.6737,47.27,3.32,0.4935,0.8599,70,Medium
USR-100697,2025-02-02,India,Free,Desktop,Social,AI Assistant,Variant B,4054,11710,46359,0.0874,0.179,0.7189,0.4669,0.3384,0.7359,25.1,4.24,0.6295,0.5095,87,High
USR-100698,2025-05-30,USA,Free,Desktop,Paid Search,Checkout,Variant A,4702,12733,22033,0.2134,0.2906,0.6813,0.4988,0.3772,0.6897,26.96,4.76,0.6966,0.3912,49,Low
USR-100699,2025-02-09,Canada,Premium,Mobile,Paid Search,AI Assistant,Variant B,1895,6594,29678,0.0639,0.1981,0.7976,0.604,0.5047,0.5363,28.8,4.01,0.5577,0.522,39,Low
USR-100700,2025-11-18,Germany,Premium,Desktop,Referral,Search,Control,1185,7988,40286,0.0294,0.2282,0.7525,0.611,0.4665,0.5875,44.83,8.2,0.6727,0.3898,94,High
USR-100701,2025-05-30,UK,Premium,Tablet,Email,Checkout,Variant B,2548,5579,12023,0.2119,0.2648,0.6791,0.4892,0.3824,0.698,17.3,8.04,0.551,0.4549,54,Medium
USR-100702,2025-09-06,India,Free,Desktop,Paid Search,Checkout,Variant A,5860,16546,50726,0.1155,0.1467,0.719,0.4528,0.336,0.7213,53.41,4.55,0.7052,0.8158,83,High
USR-100703,2025-04-27,UK,Premium,Desktop,Paid Search,AI Assistant,Control,4966,13059,36942,0.1344,0.3111,0.708,0.5819,0.4148,0.6565,37.02,0.91,0.5978,0.739,31,Low
USR-100704,2025-03-24,Canada,Free,Mobile,Organic,Search,Control,6831,17601,41294,0.1654,0.2153,0.7167,0.5264,0.3968,0.6636,27.01,8.21,0.6181,0.6504,48,Low
USR-100705,2025-06-12,Canada,Free,Tablet,Organic,Checkout,Variant A,5706,9778,43672,0.1307,0.254,0.7456,0.562,0.4483,0.6286,47.04,3.33,0.7102,0.6042,58,Medium
USR-100706,2025-06-26,India,Premium,Mobile,Organic,Recommendations,Control,2211,10320,44708,0.0495,0.2922,0.7449,0.5585,0.4458,0.6349,41.55,3.67,0.5647,0.7069,94,High
USR-100707,2025-09-13,USA,Enterprise,Tablet,Social,Checkout,Control,7295,11676,46694,0.1562,0.2973,0.6993,0.5703,0.4534,0.6172,61.43,5.95,0.7082,0.3429,65,Medium
USR-100708,2025-11-28,Canada,Enterprise,Tablet,Referral,Checkout,Variant B,6779,13621,49679,0.1365,0.3222,0.8739,0.6514,0.5455,0.483,33.91,4.51,0.7092,0.5801,62,Medium
USR-100709,2025-12-19,India,Free,Desktop,Organic,Recommendations,Variant B,1920,11767,19393,0.099,0.3086,0.7806,0.6044,0.4839,0.5755,39.91,5.24,0.5527,0.7014,42,Low
USR-100710,2025-11-13,UK,Free,Tablet,Paid Search,AI Assistant,Control,7888,13498,47725,0.1653,0.2865,0.7915,0.5202,0.3993,0.6869,68.92,4.19,0.5028,0.5475,70,Medium
USR-100711,2025-09-27,India,Premium,Tablet,Organic,AI Assistant,Control,2819,9372,27198,0.1036,0.422,0.7937,0.544,0.3904,0.696,42.73,4.19,0.6881,0.5801,27,Low
USR-100712,2025-07-21,UK,Premium,Mobile,Referral,Checkout,Control,2592,12627,38451,0.0674,0.2943,0.6108,0.4671,0.3125,0.7083,42.1,3.16,0.6463,0.615,90,High
USR-100713,2025-07-17,UK,Premium,Tablet,Organic,Messaging,Variant A,4054,6253,29907,0.1356,0.3107,0.8127,0.6296,0.5495,0.4825,65.88,5.87,0.7372,0.4946,69,Medium
USR-100714,2025-08-16,Germany,Enterprise,Desktop,Paid Search,AI Assistant,Control,7074,15883,49882,0.1418,0.2201,0.7425,0.5918,0.4278,0.6647,51.14,3.12,0.6346,0.3945,61,Medium
USR-100715,2025-11-03,India,Premium,Mobile,Social,Recommendations,Variant A,1705,6058,24675,0.0691,0.2458,0.7784,0.5512,0.4524,0.6301,22.4,4.13,0.5346,0.4978,63,Medium
USR-100716,2025-02-15,India,Premium,Tablet,Social,Messaging,Control,1054,9762,32674,0.0323,0.2493,0.7902,0.631,0.5062,0.5459,53.39,4.88,0.5158,0.6139,78,High
USR-100717,2025-04-13,USA,Premium,Tablet,Email,Recommendations,Variant A,2523,10777,34747,0.0726,0.2669,0.8574,0.6333,0.4643,0.5997,41.49,5.88,0.8094,0.5387,95,High
USR-100718,2025-10-14,Canada,Premium,Desktop,Referral,Search,Control,7060,16653,36367,0.1941,0.2441,0.747,0.5747,0.4324,0.5932,37.39,4.5,0.5538,0.2942,28,Low
USR-100719,2025-12-01,Canada,Free,Mobile,Email,Recommendations,Variant A,6455,13168,45506,0.1418,0.2238,0.7093,0.479,0.3475,0.6925,50.08,2.32,0.6756,0.7026,47,Low
USR-100720,2025-02-04,UK,Enterprise,Tablet,Referral,Search,Variant A,5906,13833,50322,0.1174,0.3077,0.8131,0.6168,0.4726,0.5512,56.14,6.16,0.4307,0.5808,97,High
USR-100721,2025-07-11,India,Free,Mobile,Email,Recommendations,Control,5198,16623,22772,0.2283,0.3031,0.6594,0.4286,0.2615,0.7927,42.78,7.75,0.616,0.7338,58,Medium
USR-100722,2025-12-21,UK,Premium,Tablet,Email,Search,Variant A,2109,9964,25666,0.0822,0.3921,0.7759,0.536,0.3595,0.6679,70.49,6.23,0.5374,0.5741,31,Low
USR-100723,2025-05-29,Canada,Free,Tablet,Paid Search,AI Assistant,Control,3389,14066,24100,0.1406,0.2981,0.7896,0.6197,0.5091,0.5947,46.07,2.64,0.6248,0.6479,90,High
USR-100724,2025-06-15,India,Enterprise,Desktop,Paid Search,Search,Control,3590,10522,33312,0.1078,0.3454,0.6938,0.5188,0.4111,0.7086,48.34,7.38,0.5744,0.5586,71,Medium
USR-100725,2025-03-12,UK,Free,Mobile,Paid Search,Messaging,Variant A,5244,11854,41299,0.127,0.2628,0.7114,0.4695,0.3358,0.7683,36.67,4.63,0.5852,0.3478,87,High
USR-100726,2025-09-15,India,Enterprise,Mobile,Referral,Recommendations,Variant B,2811,7898,47347,0.0594,0.2732,0.7376,0.529,0.3559,0.6646,43.58,5.62,0.6663,0.5617,93,High
USR-100727,2025-02-09,UK,Enterprise,Desktop,Paid Search,Recommendations,Variant A,1954,6104,12242,0.1596,0.3423,0.8925,0.7499,0.6698,0.4312,41.26,3.98,0.563,0.6146,86,High
USR-100728,2025-11-02,USA,Free,Mobile,Paid Search,Messaging,Control,5285,12889,29174,0.1812,0.2033,0.761,0.5232,0.4131,0.6532,21.57,5.8,0.5405,0.7396,63,Medium
USR-100729,2025-06-07,USA,Free,Mobile,Referral,Recommendations,Variant A,2026,7464,20997,0.0965,0.2123,0.7672,0.5371,0.4443,0.6182,49.51,3.78,0.6542,0.5284,35,Low
USR-100730,2025-01-22,USA,Premium,Mobile,Email,Search,Variant B,2608,6374,13523,0.1929,0.2543,0.7489,0.5307,0.4419,0.6173,51.3,7.36,0.4947,0.704,90,High
USR-100731,2025-02-03,Canada,Enterprise,Mobile,Paid Search,Checkout,Variant B,3471,5639,16963,0.2046,0.2188,0.7248,0.4898,0.3594,0.7315,26.77,3.25,0.6972,0.4943,40,Low
USR-100732,2025-01-15,UK,Free,Tablet,Social,Messaging,Variant A,1743,6127,29305,0.0595,0.2622,0.7973,0.6044,0.5213,0.5866,8.05,4.95,0.7162,0.9114,99,High
USR-100733,2025-09-16,India,Free,Tablet,Paid Search,Checkout,Control,5671,8790,20284,0.2796,0.2418,0.654,0.4296,0.2769,0.7432,27.18,3.72,0.668,0.6473,99,High
USR-100734,2025-03-29,India,Enterprise,Desktop,Email,AI Assistant,Control,7176,17976,23259,0.3085,0.2521,0.6849,0.5281,0.3965,0.6488,10.85,6.71,0.5048,0.3141,37,Low
USR-100735,2025-04-05,Germany,Free,Tablet,Paid Search,Recommendations,Variant A,4601,8359,25211,0.1825,0.2418,0.8427,0.5856,0.4112,0.6424,25.62,5.43,0.5795,0.3819,70,Medium
USR-100736,2025-02-27,India,Free,Desktop,Email,Checkout,Control,7237,14386,27487,0.2633,0.2769,0.7242,0.5789,0.4533,0.6273,24.97,7.8,0.6256,0.738,84,High
USR-100737,2025-10-13,USA,Premium,Desktop,Referral,AI Assistant,Variant A,6915,9580,19970,0.3463,0.2236,0.7339,0.5395,0.3774,0.7041,37.68,7.37,0.6966,0.4185,66,Medium
USR-100738,2025-06-09,UK,Premium,Mobile,Organic,Recommendations,Variant A,6628,15901,35703,0.1856,0.2263,0.7975,0.5982,0.4761,0.585,30.85,4.56,0.492,0.7334,95,High
USR-100739,2025-12-14,USA,Premium,Desktop,Social,Search,Variant B,4010,8947,14784,0.2712,0.1968,0.6578,0.5364,0.3725,0.6507,70.09,8.37,0.517,0.8173,87,High
USR-100740,2025-03-03,Canada,Free,Desktop,Paid Search,Checkout,Control,2174,10642,41897,0.0519,0.24,0.7478,0.6192,0.4935,0.5815,30.95,6.15,0.4816,0.4409,100,High
USR-100741,2025-04-13,Germany,Premium,Tablet,Social,AI Assistant,Variant A,5873,14496,27541,0.2132,0.2057,0.7214,0.5208,0.3606,0.7036,54.79,5.15,0.603,0.862,54,Medium
USR-100742,2025-05-20,India,Premium,Desktop,Social,Checkout,Variant B,7195,15752,44089,0.1632,0.286,0.7203,0.508,0.4059,0.641,31.61,7.38,0.6935,0.5768,85,High
USR-100743,2025-03-17,Germany,Premium,Mobile,Paid Search,Search,Variant A,7291,16739,28819,0.253,0.311,0.5979,0.47,0.3898,0.6547,27.42,5.81,0.5927,0.4391,40,Low
USR-100744,2025-02-20,USA,Free,Desktop,Social,Checkout,Variant B,7044,9909,19380,0.3635,0.3266,0.7957,0.6471,0.5591,0.5549,47.23,4.44,0.6397,0.6543,88,High
USR-100745,2025-03-20,Germany,Free,Desktop,Referral,Recommendations,Variant A,3480,7058,17072,0.2038,0.2797,0.7157,0.4726,0.3329,0.7208,30.02,4.59,0.821,0.6253,91,High
USR-100746,2025-09-16,USA,Free,Desktop,Organic,Recommendations,Variant B,3143,14030,41549,0.0756,0.2407,0.6077,0.4295,0.2854,0.8247,32.58,3.33,0.6375,0.4317,94,High
USR-100747,2025-08-19,USA,Free,Tablet,Email,Messaging,Control,3576,11741,45744,0.0782,0.2733,0.7485,0.5839,0.4089,0.6174,29.59,5.44,0.6159,0.7253,83,High
USR-100748,2025-09-09,USA,Enterprise,Tablet,Referral,AI Assistant,Variant A,4528,8731,34208,0.1324,0.3084,0.7696,0.6256,0.5417,0.5662,27.16,4.54,0.8014,0.4649,74,Medium
USR-100749,2025-12-17,Canada,Enterprise,Mobile,Referral,Checkout,Variant B,5418,16793,52583,0.103,0.2561,0.7126,0.4494,0.2711,0.8126,21.07,5.3,0.6191,0.6079,85,High
USR-100750,2025-09-11,USA,Free,Tablet,Organic,Messaging,Variant A,5841,14030,42148,0.1386,0.306,0.8011,0.649,0.5479,0.5409,33.54,2.72,0.6636,0.6798,61,Medium
USR-100751,2025-07-07,USA,Premium,Desktop,Email,Recommendations,Variant A,3857,15424,22186,0.1738,0.3315,0.7263,0.4721,0.3266,0.7162,24.99,3.27,0.5823,0.4921,68,Medium
USR-100752,2025-06-29,UK,Enterprise,Mobile,Organic,Checkout,Variant B,1462,7463,28690,0.051,0.2489,0.6535,0.3881,0.2977,0.7943,29.37,5.69,0.6201,0.6967,55,Medium
USR-100753,2025-02-28,USA,Premium,Tablet,Referral,AI Assistant,Variant A,3765,8546,14837,0.2538,0.3251,0.6985,0.5373,0.3879,0.6361,35.41,7.26,0.5108,0.6712,93,High
USR-100754,2025-09-21,USA,Premium,Desktop,Social,Recommendations,Variant B,4450,10818,17155,0.2594,0.3151,0.783,0.5873,0.4455,0.6201,37.93,6.86,0.6422,0.6486,85,High
USR-100755,2025-06-15,Canada,Premium,Desktop,Social,Checkout,Variant B,5690,9291,46296,0.1229,0.1887,0.7116,0.5266,0.364,0.6788,57.49,5.39,0.7155,0.3763,37,Low
USR-100756,2025-03-27,Germany,Enterprise,Mobile,Social,Messaging,Control,6036,12943,41754,0.1446,0.2378,0.7227,0.4756,0.3857,0.6614,32.37,6.78,0.5754,0.8511,80,High
USR-100757,2025-05-28,Canada,Enterprise,Tablet,Organic,AI Assistant,Variant A,3172,5950,30435,0.1042,0.275,0.7054,0.5804,0.4134,0.6205,35.99,4.92,0.6125,0.5914,98,High
USR-100758,2025-02-18,India,Premium,Desktop,Paid Search,Checkout,Variant B,5848,13366,36281,0.1612,0.2384,0.8164,0.6426,0.5392,0.5289,67.27,6.6,0.6089,0.5286,33,Low
USR-100759,2025-02-09,India,Premium,Mobile,Referral,Recommendations,Variant A,6337,13282,51354,0.1234,0.23,0.6222,0.4109,0.2873,0.7742,50.58,7.11,0.569,0.6825,63,Medium
USR-100760,2025-05-09,USA,Enterprise,Tablet,Social,Messaging,Control,6119,16562,51264,0.1194,0.3295,0.8472,0.668,0.5394,0.512,32.85,4.42,0.6352,0.4784,95,High
USR-100761,2025-10-23,India,Enterprise,Desktop,Social,Search,Variant B,5089,10578,46202,0.1101,0.2798,0.7485,0.5118,0.4266,0.6818,35.6,7.07,0.6386,0.5897,59,Medium
USR-100762,2025-09-25,Canada,Enterprise,Tablet,Email,Recommendations,Control,2643,10611,45920,0.0576,0.3053,0.7443,0.611,0.5119,0.5522,55.6,5.77,0.5086,0.6458,43,Low
USR-100763,2025-07-30,UK,Enterprise,Mobile,Email,AI Assistant,Variant A,3610,6665,25005,0.1444,0.3451,0.7378,0.4945,0.3645,0.686,15.74,4.07,0.5378,0.7014,77,High
USR-100764,2025-05-01,USA,Free,Desktop,Referral,Recommendations,Control,4324,10231,22673,0.1907,0.2658,0.6629,0.4965,0.3536,0.6782,19.93,6.77,0.669,0.4741,44,Low
USR-100765,2025-10-14,UK,Free,Mobile,Email,Checkout,Control,4572,13486,20911,0.2186,0.278,0.745,0.5652,0.4171,0.6093,44.15,5.03,0.4657,0.6297,50,Medium
USR-100766,2025-12-04,USA,Free,Desktop,Social,Checkout,Control,5511,10394,18161,0.3035,0.2782,0.6992,0.476,0.3586,0.7565,34.74,6.13,0.6282,0.3327,87,High
USR-100767,2025-02-02,Canada,Free,Mobile,Social,AI Assistant,Variant B,4334,12288,23206,0.1868,0.2886,0.6884,0.5068,0.3866,0.7117,29.2,0.75,0.4915,0.3791,75,High
USR-100768,2025-03-03,USA,Free,Tablet,Organic,Checkout,Variant A,5275,16784,56207,0.0938,0.2668,0.7204,0.5306,0.4311,0.6705,37.11,7.6,0.6865,0.3706,57,Medium
USR-100769,2025-06-18,Canada,Free,Mobile,Paid Search,Messaging,Variant A,7818,19391,49946,0.1565,0.2113,0.6931,0.4562,0.3722,0.6573,27.28,4.42,0.4298,0.6304,55,Medium
USR-100770,2025-05-21,Germany,Enterprise,Desktop,Organic,Checkout,Control,4600,13290,34956,0.1316,0.2464,0.7982,0.6246,0.5239,0.5339,53.97,3.19,0.6594,0.3277,100,High
USR-100771,2025-10-07,UK,Premium,Tablet,Email,Checkout,Control,4471,14251,35395,0.1263,0.2929,0.7316,0.5512,0.4048,0.6407,26.1,4.38,0.6525,0.4805,60,Medium
USR-100772,2025-01-11,Canada,Premium,Tablet,Referral,Checkout,Variant B,6287,18212,25493,0.2466,0.2619,0.7211,0.5404,0.4097,0.6666,22.1,3.44,0.6591,0.6378,31,Low
USR-100773,2025-11-24,Germany,Premium,Mobile,Referral,Checkout,Control,6739,14684,27682,0.2434,0.2458,0.7852,0.577,0.461,0.5716,47.84,9.45,0.5918,0.369,93,High
USR-100774,2025-06-04,Germany,Enterprise,Desktop,Referral,Search,Control,1739,7596,32087,0.0542,0.2801,0.8193,0.6838,0.549,0.5413,45.55,7.28,0.6478,0.4629,51,Medium
USR-100775,2025-05-21,Germany,Free,Mobile,Email,AI Assistant,Variant A,1656,11711,47584,0.0348,0.1728,0.6847,0.4576,0.356,0.7231,52.92,4.76,0.7115,0.6537,77,High
USR-100776,2025-02-03,USA,Free,Tablet,Paid Search,Recommendations,Variant B,3882,12777,39192,0.0991,0.1988,0.8255,0.6077,0.4581,0.5961,46.26,9.52,0.6155,0.8351,83,High
USR-100777,2025-11-25,UK,Premium,Tablet,Organic,Search,Variant B,2114,4164,35421,0.0597,0.1671,0.6552,0.531,0.4174,0.7002,32.84,6.57,0.6996,0.6225,50,Medium
USR-100778,2025-03-22,Germany,Premium,Tablet,Paid Search,Checkout,Variant A,3044,13504,27029,0.1126,0.243,0.7375,0.6056,0.4746,0.6423,31.71,5.54,0.6562,0.4809,77,High
USR-100779,2025-03-30,USA,Premium,Desktop,Paid Search,Recommendations,Control,6631,18347,44815,0.148,0.2786,0.8047,0.5816,0.4988,0.6041,28.4,6.59,0.5339,0.6844,61,Medium
USR-100780,2025-07-13,India,Enterprise,Tablet,Paid Search,Search,Control,7837,19182,38893,0.2015,0.2342,0.6786,0.4916,0.3607,0.707,16.25,7.86,0.6692,0.5191,27,Low
USR-100781,2025-08-25,India,Premium,Tablet,Email,Messaging,Variant A,2624,8913,24972,0.1051,0.2908,0.7655,0.5663,0.4732,0.6164,34.07,2.82,0.6013,0.7468,31,Low
USR-100782,2025-02-15,India,Premium,Desktop,Referral,Search,Variant B,4014,8801,21491,0.1868,0.2943,0.8241,0.5756,0.4524,0.6462,47.75,5.1,0.3708,0.4165,26,Low
USR-100783,2025-04-25,Germany,Premium,Mobile,Referral,Messaging,Variant A,6845,12173,29660,0.2308,0.2891,0.771,0.5623,0.4643,0.6025,68.0,4.4,0.6227,0.7534,59,Medium
USR-100784,2025-11-04,Germany,Free,Mobile,Email,Checkout,Control,2765,9401,26811,0.1031,0.2296,0.6795,0.5144,0.3813,0.6439,43.24,4.5,0.5808,0.5045,78,High
USR-100785,2025-05-01,Germany,Free,Mobile,Referral,Messaging,Variant B,6060,15448,36721,0.165,0.3124,0.5688,0.3266,0.2019,0.8971,25.68,5.66,0.5927,0.4033,72,Medium
USR-100786,2025-06-15,Germany,Enterprise,Tablet,Email,Search,Variant B,6677,15190,34097,0.1958,0.3335,0.7027,0.4898,0.371,0.6661,43.62,2.73,0.6517,0.1786,74,Medium
USR-100787,2025-02-18,Germany,Premium,Tablet,Social,Search,Control,5562,8524,16939,0.3284,0.2846,0.6803,0.4239,0.3181,0.7511,26.66,5.52,0.547,0.6105,67,Medium
USR-100788,2025-01-03,UK,Free,Tablet,Organic,AI Assistant,Variant A,3077,13343,43308,0.071,0.2941,0.7978,0.5834,0.4584,0.6474,37.98,6.22,0.6209,0.6858,63,Medium
USR-100789,2025-04-02,Germany,Free,Mobile,Email,AI Assistant,Variant A,3132,7915,45928,0.0682,0.1485,0.8528,0.6993,0.6189,0.4253,5.0,5.53,0.6392,0.5741,88,High
USR-100790,2025-08-10,Canada,Premium,Desktop,Email,Recommendations,Control,2161,8427,21084,0.1025,0.2273,0.617,0.4756,0.3908,0.7067,59.21,5.9,0.6286,0.4097,65,Medium
USR-100791,2025-05-25,Canada,Premium,Tablet,Referral,Messaging,Variant A,3156,9477,48357,0.0653,0.2188,0.6952,0.5734,0.4804,0.5705,27.35,4.53,0.6406,0.3832,65,Medium
USR-100792,2025-10-12,USA,Free,Mobile,Organic,Recommendations,Control,7988,17196,25683,0.311,0.2401,0.7375,0.515,0.3936,0.6534,46.36,3.27,0.5106,0.5313,49,Low
USR-100793,2025-05-14,USA,Premium,Desktop,Social,Recommendations,Variant A,2339,11992,45593,0.0513,0.2911,0.8486,0.5912,0.4995,0.5991,27.51,5.77,0.5664,0.8525,39,Low
USR-100794,2025-08-23,USA,Free,Desktop,Paid Search,Messaging,Variant A,5038,8881,23583,0.2136,0.1965,0.8322,0.5591,0.4461,0.6701,34.12,6.02,0.5775,0.3417,40,Low
USR-100795,2025-09-18,India,Enterprise,Mobile,Referral,Search,Control,7738,14207,33126,0.2336,0.1663,0.7511,0.6287,0.5267,0.5215,20.45,4.83,0.6409,0.6854,99,High
USR-100796,2025-05-07,UK,Enterprise,Tablet,Organic,Recommendations,Control,7293,17454,28634,0.2547,0.272,0.7001,0.4755,0.2999,0.7204,40.01,5.06,0.6226,0.6264,67,Medium
USR-100797,2025-07-11,USA,Premium,Tablet,Referral,Recommendations,Control,5836,9573,35776,0.1631,0.2466,0.7505,0.5483,0.4451,0.593,33.59,5.66,0.6672,0.5723,44,Low
USR-100798,2025-11-18,India,Premium,Desktop,Social,Messaging,Control,3206,14941,20321,0.1578,0.2608,0.7486,0.6014,0.4898,0.5726,22.44,3.56,0.672,0.6069,67,Medium
USR-100799,2025-04-19,USA,Enterprise,Tablet,Referral,Search,Variant B,1398,8033,34212,0.0409,0.2164,0.7047,0.4804,0.3291,0.7597,22.18,3.8,0.7053,0.558,32,Low
USR-100800,2025-07-24,USA,Free,Mobile,Referral,Recommendations,Control,3090,8006,28739,0.1075,0.149,0.656,0.5109,0.3883,0.6854,37.36,4.53,0.6648,0.7405,76,High
USR-100801,2025-05-26,Germany,Enterprise,Desktop,Social,Messaging,Variant A,6301,10826,23729,0.2655,0.2965,0.7545,0.6316,0.4959,0.6028,10.51,5.98,0.6939,0.5678,63,Medium
USR-100802,2025-07-03,Germany,Premium,Desktop,Referral,Checkout,Control,6451,10025,39106,0.165,0.3472,0.7916,0.5429,0.397,0.6628,57.77,5.31,0.4995,0.3459,90,High
USR-100803,2025-10-16,India,Free,Desktop,Referral,Search,Variant A,5917,14848,25760,0.2297,0.2727,0.6979,0.5118,0.3912,0.6968,40.06,4.04,0.6592,0.6565,79,High
USR-100804,2025-01-21,Canada,Premium,Tablet,Social,Search,Variant B,5205,12804,48181,0.108,0.3006,0.7599,0.5623,0.4281,0.6838,36.33,6.76,0.5529,0.354,53,Medium
USR-100805,2025-05-29,Canada,Free,Tablet,Email,Messaging,Variant A,4835,14000,24189,0.1999,0.1844,0.6922,0.5292,0.3631,0.6639,24.64,6.08,0.5695,0.5531,86,High
USR-100806,2025-09-25,USA,Enterprise,Mobile,Social,Recommendations,Control,4503,11344,19471,0.2313,0.3047,0.694,0.4324,0.3302,0.7362,52.99,5.06,0.6164,0.8201,95,High
USR-100807,2025-07-31,India,Free,Tablet,Organic,Search,Variant A,1774,11386,32991,0.0538,0.3054,0.7668,0.6453,0.525,0.5857,42.16,8.03,0.4401,0.642,70,Medium
USR-100808,2025-12-05,USA,Premium,Tablet,Email,Checkout,Control,4791,9732,26673,0.1796,0.3668,0.7569,0.57,0.4186,0.6875,35.66,3.18,0.7442,0.4565,75,High
USR-100809,2025-10-28,Canada,Free,Mobile,Organic,AI Assistant,Variant A,6931,16385,50872,0.1362,0.2965,0.662,0.4016,0.2798,0.8313,54.83,5.21,0.6146,0.5402,58,Medium
USR-100810,2025-05-13,USA,Premium,Mobile,Organic,Messaging,Control,6516,10258,43687,0.1492,0.2942,0.7147,0.5493,0.4006,0.6868,15.31,4.01,0.653,0.663,93,High
USR-100811,2025-12-02,India,Enterprise,Desktop,Referral,Checkout,Variant A,4908,14447,45995,0.1067,0.3725,0.6855,0.4688,0.3061,0.7564,24.71,3.66,0.422,0.8309,87,High
USR-100812,2025-02-14,USA,Enterprise,Mobile,Organic,Messaging,Control,2024,6237,12146,0.1666,0.2168,0.7324,0.4974,0.396,0.6437,18.06,4.42,0.4644,0.7581,49,Low
USR-100813,2025-09-04,India,Free,Mobile,Email,Recommendations,Variant B,6313,10691,31536,0.2002,0.3446,0.6004,0.4478,0.3522,0.7558,10.5,2.68,0.6098,0.4985,80,High
USR-100814,2025-03-17,Canada,Enterprise,Tablet,Referral,Recommendations,Control,4882,13794,20223,0.2414,0.3596,0.85,0.6169,0.5192,0.526,37.9,3.28,0.5409,0.5165,39,Low
USR-100815,2025-08-30,India,Premium,Mobile,Email,Search,Variant A,1160,10524,31424,0.0369,0.2747,0.8496,0.7066,0.6257,0.4751,43.4,3.2,0.6842,0.3144,50,Medium
USR-100816,2025-02-22,India,Enterprise,Tablet,Social,Checkout,Variant B,6164,15238,47480,0.1298,0.2311,0.7245,0.5688,0.47,0.5928,20.52,6.62,0.611,0.5339,88,High
USR-100817,2025-01-19,India,Enterprise,Desktop,Paid Search,Search,Variant B,4993,13541,50398,0.0991,0.2822,0.7461,0.5318,0.4047,0.6726,22.31,3.92,0.6126,0.3211,90,High
USR-100818,2025-09-28,UK,Enterprise,Desktop,Referral,Search,Control,1155,10069,35768,0.0323,0.2611,0.8416,0.7108,0.5584,0.5422,51.64,3.08,0.6859,0.5531,95,High
USR-100819,2025-09-11,Canada,Premium,Tablet,Paid Search,Recommendations,Control,6101,13782,48163,0.1267,0.2645,0.8126,0.582,0.4137,0.6559,53.33,3.83,0.5679,0.3816,80,High
USR-100820,2025-06-26,UK,Enterprise,Tablet,Referral,Messaging,Variant B,4589,10391,48659,0.0943,0.2805,0.78,0.5954,0.4939,0.5617,26.34,4.26,0.5411,0.7068,53,Medium
USR-100821,2025-05-31,Canada,Enterprise,Mobile,Email,Search,Variant A,6922,15317,47636,0.1453,0.1501,0.687,0.4099,0.2908,0.7372,40.52,3.81,0.4919,0.8508,71,Medium
USR-100822,2025-12-08,India,Premium,Mobile,Referral,Recommendations,Control,4955,9070,25426,0.1949,0.2283,0.7342,0.5316,0.4011,0.6339,41.23,3.77,0.5601,0.4657,50,Medium
USR-100823,2025-06-05,UK,Premium,Tablet,Paid Search,Messaging,Variant A,2922,8353,16436,0.1778,0.2394,0.7725,0.6001,0.4991,0.5701,51.26,5.29,0.6438,0.5101,27,Low
USR-100824,2025-09-15,India,Free,Mobile,Social,Messaging,Control,1261,4304,31437,0.0401,0.2416,0.7573,0.5735,0.4765,0.569,43.49,2.39,0.6574,0.5624,80,High
USR-100825,2025-09-07,UK,Free,Tablet,Social,AI Assistant,Variant B,3112,10687,38968,0.0799,0.2967,0.6966,0.5224,0.4281,0.6777,52.96,3.01,0.5229,0.95,30,Low
USR-100826,2025-12-09,USA,Enterprise,Tablet,Organic,AI Assistant,Control,1853,4679,38372,0.0483,0.3475,0.7381,0.6041,0.4573,0.6523,31.05,8.11,0.5273,0.5388,83,High
USR-100827,2025-01-22,UK,Free,Tablet,Email,Recommendations,Control,5155,8882,24829,0.2076,0.206,0.7412,0.5449,0.3885,0.6573,41.46,5.18,0.6803,0.6521,40,Low
USR-100828,2025-09-17,Canada,Free,Mobile,Referral,Recommendations,Variant A,5082,8708,23819,0.2134,0.3323,0.7124,0.5859,0.4936,0.5467,53.48,4.67,0.7134,0.3873,71,Medium
USR-100829,2025-01-04,Canada,Free,Desktop,Email,Recommendations,Variant B,3009,12769,40137,0.075,0.2939,0.8388,0.6616,0.5239,0.5303,32.85,6.39,0.5034,0.7557,61,Medium
USR-100830,2025-07-04,Canada,Free,Desktop,Referral,Recommendations,Variant A,6156,12177,27112,0.2271,0.1868,0.6999,0.525,0.4039,0.6881,47.67,5.23,0.6103,0.4913,92,High
USR-100831,2025-08-23,Canada,Free,Tablet,Social,Search,Variant A,7982,18438,47147,0.1693,0.2985,0.7493,0.6214,0.4841,0.6213,44.98,4.62,0.6256,0.6606,28,Low
USR-100832,2025-02-13,USA,Premium,Mobile,Paid Search,AI Assistant,Variant A,3771,10928,42250,0.0893,0.2311,0.7354,0.4682,0.3412,0.6817,35.38,8.52,0.5867,0.5226,46,Low
USR-100833,2025-01-30,India,Premium,Tablet,Email,Checkout,Variant A,6174,16690,41070,0.1503,0.2659,0.6984,0.4789,0.3483,0.7534,42.49,6.9,0.7348,0.2873,78,High
USR-100834,2025-01-05,Germany,Premium,Tablet,Paid Search,AI Assistant,Variant B,7774,14357,53946,0.1441,0.1942,0.8186,0.5519,0.4585,0.6287,22.23,2.67,0.6429,0.3732,43,Low
USR-100835,2025-11-16,UK,Free,Mobile,Social,Checkout,Control,7458,16702,44328,0.1682,0.235,0.7363,0.5652,0.4042,0.6848,51.24,7.03,0.5595,0.5353,76,High
USR-100836,2025-07-19,Canada,Free,Tablet,Social,Checkout,Variant A,6940,11004,50113,0.1385,0.2985,0.7084,0.4315,0.3021,0.7189,32.19,3.77,0.5499,0.6008,94,High
USR-100837,2025-09-24,India,Premium,Mobile,Email,Recommendations,Variant B,3791,8412,14946,0.2536,0.252,0.7716,0.5056,0.3475,0.748,60.51,7.5,0.7177,0.7966,28,Low
USR-100838,2025-09-16,India,Premium,Mobile,Organic,Search,Variant B,1904,4886,34329,0.0555,0.2746,0.7419,0.5047,0.347,0.7602,69.41,0.57,0.5929,0.7679,58,Medium
USR-100839,2025-08-18,Canada,Enterprise,Tablet,Social,AI Assistant,Variant A,3440,14818,20159,0.1706,0.309,0.8939,0.7678,0.6263,0.4765,42.35,3.28,0.5174,0.6284,83,High
USR-100840,2025-11-01,India,Enterprise,Mobile,Referral,AI Assistant,Variant B,2915,10654,35262,0.0827,0.1918,0.7081,0.5607,0.4139,0.667,28.24,5.61,0.5906,0.7096,61,Medium
USR-100841,2025-05-07,UK,Premium,Mobile,Paid Search,Recommendations,Control,1862,9233,48079,0.0387,0.2406,0.6244,0.442,0.2756,0.8373,48.73,4.5,0.6469,0.3516,99,High
USR-100842,2025-07-30,Germany,Free,Desktop,Organic,Checkout,Control,1671,5182,14257,0.1172,0.2999,0.7067,0.5858,0.4493,0.6046,53.66,2.87,0.6363,0.7386,79,High
USR-100843,2025-12-13,India,Premium,Tablet,Referral,Recommendations,Variant A,5311,13909,52918,0.1004,0.2375,0.7804,0.5773,0.4522,0.569,65.34,6.37,0.7329,0.6696,75,High
USR-100844,2025-12-19,Canada,Premium,Tablet,Referral,Messaging,Variant B,5010,13840,29512,0.1698,0.2244,0.747,0.6084,0.4688,0.5787,36.15,3.86,0.4557,0.6718,43,Low
USR-100845,2025-12-27,Germany,Free,Tablet,Paid Search,AI Assistant,Variant A,5204,15873,28610,0.1819,0.3038,0.8205,0.6472,0.4917,0.5932,49.21,8.7,0.6547,0.5565,52,Medium
USR-100846,2025-07-09,UK,Enterprise,Desktop,Organic,AI Assistant,Control,1972,13828,45607,0.0432,0.2771,0.8146,0.6543,0.5539,0.5001,11.75,4.83,0.5088,0.5885,39,Low
USR-100847,2025-03-20,UK,Premium,Mobile,Paid Search,Messaging,Variant A,1964,10050,35033,0.0561,0.3485,0.752,0.5622,0.4192,0.6349,47.45,2.28,0.8269,0.5704,72,Medium
USR-100848,2025-10-29,Canada,Enterprise,Desktop,Organic,Search,Control,4455,7252,32251,0.1381,0.2161,0.6556,0.5222,0.437,0.6083,20.39,6.69,0.6065,0.7431,61,Medium
USR-100849,2025-10-08,India,Premium,Tablet,Referral,Checkout,Variant A,3856,6962,14890,0.259,0.2688,0.6241,0.443,0.3066,0.7249,56.4,3.59,0.6949,0.515,78,High
USR-100850,2025-07-13,Germany,Premium,Tablet,Referral,Messaging,Variant B,4893,16816,30519,0.1603,0.3477,0.7181,0.5809,0.4163,0.6773,31.49,4.56,0.5861,0.3321,42,Low
USR-100851,2025-06-16,UK,Enterprise,Mobile,Referral,Checkout,Variant A,1731,10442,40819,0.0424,0.2558,0.717,0.5056,0.3303,0.7414,40.71,7.43,0.6041,0.5523,54,Medium
USR-100852,2025-11-27,UK,Enterprise,Tablet,Organic,AI Assistant,Variant B,1725,6438,13063,0.1321,0.2896,0.746,0.4885,0.3857,0.6563,43.75,6.1,0.6181,0.2082,98,High
USR-100853,2025-02-13,Canada,Premium,Tablet,Organic,Search,Variant B,2576,13453,21918,0.1175,0.1774,0.7257,0.5249,0.4419,0.5913,42.34,6.01,0.6572,0.1822,97,High
USR-100854,2025-12-04,Canada,Enterprise,Tablet,Referral,Search,Control,5356,10300,16543,0.3238,0.3283,0.6957,0.4502,0.2939,0.7984,29.54,3.33,0.4472,0.5256,60,Medium
USR-100855,2025-10-01,Germany,Free,Desktop,Referral,Messaging,Control,5971,13220,44552,0.134,0.2211,0.8097,0.6676,0.5477,0.5703,45.67,2.92,0.5506,0.5626,100,High
USR-100856,2025-08-01,USA,Free,Mobile,Social,Messaging,Variant A,1197,11846,37645,0.0318,0.3549,0.7332,0.5311,0.3639,0.685,54.61,1.98,0.5589,0.7392,73,Medium
USR-100857,2025-05-27,UK,Premium,Tablet,Paid Search,Search,Control,2179,7171,28919,0.0753,0.225,0.7649,0.5983,0.5038,0.5973,48.22,3.62,0.6134,0.683,36,Low
USR-100858,2025-11-11,Germany,Free,Desktop,Paid Search,Recommendations,Variant A,3664,8637,15417,0.2377,0.1567,0.8673,0.6952,0.5676,0.5127,67.23,4.48,0.5913,0.7095,32,Low
USR-100859,2025-06-15,Canada,Enterprise,Tablet,Paid Search,Recommendations,Control,3112,11264,24191,0.1286,0.2555,0.7697,0.5535,0.4025,0.7126,49.39,3.77,0.4705,0.6035,31,Low
USR-100860,2025-09-18,USA,Premium,Desktop,Social,Recommendations,Variant A,7163,17427,47661,0.1503,0.2741,0.8294,0.6036,0.4913,0.5768,18.71,8.09,0.7492,0.5928,39,Low
USR-100861,2025-02-03,UK,Enterprise,Tablet,Organic,Messaging,Control,4966,7439,39144,0.1269,0.1715,0.6748,0.4897,0.3688,0.7056,35.14,10.5,0.609,0.4119,54,Medium
USR-100862,2025-10-12,Germany,Free,Tablet,Social,Messaging,Variant A,6337,10394,35357,0.1792,0.2571,0.737,0.4678,0.3273,0.7586,49.32,4.87,0.711,0.677,97,High
USR-100863,2025-03-14,Germany,Enterprise,Desktop,Organic,Search,Variant B,4058,14912,30934,0.1312,0.2802,0.7331,0.4818,0.3164,0.7208,24.94,3.51,0.6651,0.5135,56,Medium
USR-100864,2025-08-26,Germany,Premium,Tablet,Email,Recommendations,Control,7794,14533,30502,0.2555,0.2173,0.7014,0.5443,0.3845,0.6918,37.85,5.07,0.5352,0.5465,25,Low
USR-100865,2025-06-29,Canada,Enterprise,Tablet,Social,Search,Control,7901,13386,51830,0.1524,0.3195,0.8022,0.5669,0.4141,0.6059,48.07,8.29,0.6034,0.6773,61,Medium
USR-100866,2025-06-03,India,Premium,Desktop,Paid Search,AI Assistant,Variant B,1734,10210,23269,0.0745,0.2308,0.8871,0.6178,0.5302,0.5399,52.27,6.31,0.6767,0.6054,42,Low
USR-100867,2025-09-16,Germany,Premium,Mobile,Email,Checkout,Variant B,7570,14785,42239,0.1792,0.2438,0.736,0.5633,0.4296,0.6815,40.56,3.78,0.4726,0.6154,58,Medium
USR-100868,2025-04-18,Canada,Enterprise,Mobile,Social,Recommendations,Variant B,4766,16588,43113,0.1105,0.3052,0.7265,0.5451,0.3914,0.6762,61.61,4.64,0.6035,0.5766,27,Low
USR-100869,2025-01-03,Germany,Premium,Tablet,Organic,Search,Variant B,1078,5921,37998,0.0284,0.2596,0.6832,0.4528,0.3393,0.7502,53.05,6.98,0.6791,0.5777,96,High
USR-100870,2025-10-03,India,Premium,Desktop,Paid Search,Search,Variant A,1253,10546,23634,0.053,0.1123,0.7015,0.5496,0.4388,0.5854,19.44,6.4,0.6923,0.4684,70,Medium
USR-100871,2025-03-05,Canada,Enterprise,Mobile,Email,Checkout,Control,4790,12859,30506,0.157,0.2026,0.6939,0.5469,0.3894,0.6436,44.39,0.02,0.6917,0.7955,81,High
USR-100872,2025-04-09,UK,Free,Desktop,Referral,AI Assistant,Variant A,1737,8704,28197,0.0616,0.2075,0.6817,0.5383,0.4294,0.6216,67.21,5.67,0.7273,0.4609,54,Medium
USR-100873,2025-04-18,India,Enterprise,Desktop,Paid Search,AI Assistant,Variant A,1058,6270,37227,0.0284,0.1974,0.6813,0.4747,0.3923,0.6357,46.89,5.0,0.5736,0.6167,39,Low
USR-100874,2025-04-10,Canada,Enterprise,Mobile,Paid Search,Checkout,Variant B,6405,17673,34176,0.1874,0.2837,0.7825,0.5647,0.4027,0.6577,38.92,2.6,0.7527,0.9209,33,Low
USR-100875,2025-10-19,USA,Enterprise,Tablet,Social,AI Assistant,Variant B,2867,13437,36415,0.0787,0.291,0.7454,0.481,0.3134,0.7867,37.49,2.25,0.6114,0.7616,49,Low
USR-100876,2025-05-10,USA,Premium,Desktop,Referral,Checkout,Variant A,6576,17752,52500,0.1253,0.23,0.7647,0.6043,0.4511,0.5854,19.88,3.81,0.716,0.4368,25,Low
USR-100877,2025-03-04,India,Free,Tablet,Paid Search,Search,Variant A,6571,17062,52640,0.1248,0.3031,0.6162,0.4802,0.3197,0.7373,56.36,6.67,0.6345,0.5453,88,High
USR-100878,2025-05-23,Germany,Free,Desktop,Organic,AI Assistant,Control,4441,15164,49580,0.0896,0.2004,0.8566,0.7074,0.5332,0.5623,29.36,3.31,0.6577,0.7215,65,Medium
USR-100879,2025-01-13,Canada,Free,Desktop,Email,Search,Control,7041,12737,45512,0.1547,0.2432,0.8314,0.5968,0.4782,0.5629,40.92,5.3,0.5785,0.2936,34,Low
USR-100880,2025-11-17,USA,Enterprise,Tablet,Email,Checkout,Variant A,6122,9706,16532,0.3703,0.2835,0.8583,0.6034,0.4472,0.5786,43.24,6.73,0.6777,0.5287,86,High
USR-100881,2025-05-07,UK,Enterprise,Mobile,Organic,AI Assistant,Control,1883,11642,32263,0.0584,0.2866,0.7674,0.6214,0.456,0.6327,55.96,5.33,0.5054,0.5282,68,Medium
USR-100882,2025-11-14,USA,Free,Mobile,Referral,Checkout,Control,4592,8159,42417,0.1083,0.2622,0.6299,0.4249,0.2643,0.8348,57.7,5.89,0.6753,0.4212,99,High
USR-100883,2025-12-22,UK,Enterprise,Tablet,Referral,Search,Control,1532,5621,14684,0.1043,0.3092,0.7258,0.5581,0.4769,0.5732,11.75,7.21,0.6942,0.5946,81,High
USR-100884,2025-02-22,Germany,Free,Tablet,Referral,Messaging,Variant A,6550,9464,17885,0.3662,0.2487,0.764,0.5701,0.4352,0.6797,27.21,7.64,0.5383,0.1253,62,Medium
USR-100885,2025-11-03,Germany,Enterprise,Tablet,Organic,Checkout,Variant A,7450,9623,44337,0.168,0.2857,0.634,0.4659,0.3692,0.6915,40.83,2.55,0.6132,0.3666,74,Medium
USR-100886,2025-11-30,India,Free,Mobile,Organic,Search,Variant A,6535,8960,43718,0.1495,0.2831,0.6845,0.4439,0.3529,0.7139,40.23,4.02,0.6261,0.3227,91,High
USR-100887,2025-11-01,India,Premium,Desktop,Referral,Recommendations,Control,6843,9949,27637,0.2476,0.3004,0.742,0.5341,0.3958,0.6644,48.87,4.38,0.709,0.5418,98,High
USR-100888,2025-11-14,USA,Free,Desktop,Social,Recommendations,Control,4642,9688,30623,0.1516,0.2371,0.7685,0.5363,0.4272,0.6225,52.66,3.59,0.5443,0.6606,42,Low
USR-100889,2025-09-20,Canada,Free,Desktop,Email,AI Assistant,Variant B,6338,14199,39593,0.1601,0.2474,0.7172,0.5364,0.4088,0.6157,21.47,3.24,0.7789,0.4509,99,High
USR-100890,2025-06-25,Canada,Free,Mobile,Social,AI Assistant,Variant B,3384,11426,16955,0.1996,0.2438,0.718,0.4605,0.3549,0.7031,43.15,6.62,0.7131,0.4134,91,High
USR-100891,2025-01-28,Canada,Free,Desktop,Paid Search,Recommendations,Variant B,4457,12090,29896,0.1491,0.3283,0.7366,0.4639,0.2913,0.8196,6.56,5.53,0.7635,0.527,50,Medium
USR-100892,2025-12-22,UK,Enterprise,Desktop,Referral,Checkout,Variant B,6667,16324,43025,0.155,0.2487,0.7577,0.4908,0.3293,0.7886,32.96,6.26,0.6762,0.3532,99,High
USR-100893,2025-03-25,USA,Enterprise,Mobile,Paid Search,Recommendations,Control,1858,11301,19066,0.0975,0.2611,0.6033,0.4764,0.3616,0.6763,30.77,8.81,0.3881,0.5531,88,High
USR-100894,2025-11-16,Germany,Free,Desktop,Paid Search,Search,Variant B,2746,8662,45168,0.0608,0.3463,0.7473,0.5382,0.3653,0.6925,25.81,5.07,0.4875,0.6982,67,Medium
USR-100895,2025-07-05,USA,Free,Desktop,Referral,Messaging,Variant B,1081,4289,32743,0.033,0.268,0.6668,0.4616,0.374,0.7158,21.52,6.0,0.7526,0.5429,28,Low
USR-100896,2025-11-20,Canada,Premium,Mobile,Paid Search,Checkout,Control,5797,13693,21570,0.2688,0.1411,0.7802,0.6086,0.4676,0.6463,30.37,5.57,0.6882,0.5652,28,Low
USR-100897,2025-03-31,USA,Free,Desktop,Organic,Search,Control,3783,14868,35987,0.1051,0.2507,0.7753,0.5201,0.3983,0.6658,55.65,6.25,0.617,0.514,47,Low
USR-100898,2025-12-13,UK,Premium,Mobile,Email,Checkout,Control,2124,10332,22604,0.094,0.2336,0.6755,0.4998,0.3729,0.6805,37.54,4.32,0.7212,0.7774,68,Medium
USR-100899,2025-12-05,Canada,Free,Mobile,Paid Search,AI Assistant,Control,2403,13036,46460,0.0517,0.3564,0.7428,0.5289,0.3656,0.6616,42.79,8.46,0.488,0.4069,33,Low
USR-100900,2025-07-13,Canada,Free,Tablet,Social,Messaging,Variant B,6688,14819,40656,0.1645,0.3028,0.7559,0.5565,0.394,0.6662,36.04,4.31,0.71,0.4399,79,High
USR-100901,2025-10-02,UK,Free,Tablet,Social,Recommendations,Control,3409,7843,34317,0.0993,0.2238,0.6863,0.4787,0.3842,0.6492,32.98,3.12,0.7041,0.4924,56,Medium
USR-100902,2025-04-18,India,Premium,Tablet,Social,Checkout,Control,6958,10291,46136,0.1508,0.2057,0.7418,0.5036,0.3839,0.6624,37.41,1.19,0.5129,0.4694,33,Low
USR-100903,2025-09-13,UK,Enterprise,Tablet,Referral,Recommendations,Variant B,5250,14856,31586,0.1662,0.2471,0.7367,0.4931,0.396,0.6284,54.65,6.33,0.6077,0.7846,66,Medium
USR-100904,2025-08-31,USA,Free,Mobile,Paid Search,Recommendations,Variant B,3198,14720,45996,0.0695,0.2931,0.6906,0.4586,0.354,0.7563,43.9,6.57,0.6193,0.6143,99,High
USR-100905,2025-05-01,India,Free,Desktop,Email,AI Assistant,Variant A,4243,9824,34877,0.1217,0.2475,0.6598,0.5284,0.4094,0.6848,15.98,3.41,0.6895,0.6182,79,High
USR-100906,2025-02-13,UK,Free,Tablet,Organic,Recommendations,Variant B,2100,5476,29812,0.0704,0.2536,0.7095,0.5642,0.4147,0.6159,20.59,6.83,0.6065,0.5289,81,High
USR-100907,2025-09-20,Germany,Premium,Desktop,Referral,Checkout,Variant A,6088,13599,46524,0.1309,0.2593,0.7149,0.5147,0.4025,0.6307,59.07,3.36,0.623,0.8043,82,High
USR-100908,2025-05-20,UK,Enterprise,Mobile,Email,Search,Control,4132,6536,23304,0.1773,0.1944,0.7636,0.5976,0.5014,0.5435,39.52,2.58,0.6618,0.5937,81,High
USR-100909,2025-05-31,USA,Premium,Mobile,Organic,Search,Variant B,7902,18122,56728,0.1393,0.2866,0.6714,0.4206,0.2846,0.7609,53.02,3.75,0.6872,0.6857,94,High
USR-100910,2025-02-06,UK,Premium,Desktop,Email,Messaging,Control,3951,6578,24705,0.1599,0.3526,0.7149,0.5328,0.4368,0.623,46.45,5.38,0.6111,0.4647,67,Medium
USR-100911,2025-12-28,UK,Premium,Desktop,Referral,AI Assistant,Variant A,5948,10206,32319,0.184,0.265,0.6159,0.4921,0.3808,0.7212,11.78,8.68,0.5302,0.4211,26,Low
USR-100912,2025-12-02,Canada,Free,Tablet,Paid Search,Recommendations,Variant A,1097,10830,49426,0.0222,0.3152,0.7169,0.4421,0.3182,0.7411,34.61,7.15,0.4882,0.6242,44,Low
USR-100913,2025-04-30,USA,Premium,Mobile,Referral,Recommendations,Variant A,5225,16842,52561,0.0994,0.271,0.8403,0.5909,0.4328,0.6087,50.5,6.29,0.5276,0.5074,84,High
USR-100914,2025-04-18,India,Free,Desktop,Organic,Recommendations,Control,4593,13965,20937,0.2194,0.2598,0.7375,0.5611,0.4256,0.6132,32.1,6.26,0.6013,0.3481,72,Medium
USR-100915,2025-12-04,Germany,Enterprise,Desktop,Social,Checkout,Variant A,7834,15644,42914,0.1826,0.185,0.7396,0.5761,0.4791,0.6127,34.99,7.82,0.6895,0.7153,53,Medium
USR-100916,2025-06-16,UK,Enterprise,Tablet,Social,AI Assistant,Control,5808,8188,15298,0.3797,0.235,0.7726,0.6228,0.5302,0.5036,35.17,8.01,0.6663,0.7013,42,Low
USR-100917,2025-10-21,India,Premium,Mobile,Referral,Search,Control,4202,12449,30831,0.1363,0.3404,0.7942,0.6713,0.5601,0.5237,44.23,6.65,0.6813,0.413,75,High
USR-100918,2025-06-18,USA,Enterprise,Tablet,Paid Search,Search,Control,5665,15062,40027,0.1415,0.2271,0.7997,0.6739,0.5006,0.5539,37.72,3.54,0.5516,0.6856,36,Low
USR-100919,2025-12-19,USA,Premium,Desktop,Paid Search,Messaging,Control,5942,15947,22705,0.2617,0.2147,0.6913,0.4126,0.3129,0.7647,34.54,5.77,0.7139,0.6801,48,Low
